year,Aaltje,Aaron,Abdullah,Abel,Abigail,Abraham,Achraf,Adam,Adriaan,Adriana,Adrianus,Ahmed,Ahmet,Aidan,Aiden,Aimee,Albert,Albertus,Aleksandra,Alex,Alexander,Alexandra,Aleyna,Ali,Alicia,Alina,Alisha,Alysha,Alyssa,Amal,Amanda,Amber,Amelia,Amelie,Amin,Amina,Amine,Amir,Amira,Amy,Anas,Anass,Andrea,Angel,Angela,Angelina,Angelique,Angelo,Aniek,Anissa,Anke,Anna,Annabel,Annabelle,Anne,Annemijn,Annick,Anniek,Annika,Anouk,Anthony,Anton,Antonia,Antonius,Arda,Arend,Arie,Arjan,Arjen,Aron,Arthur,Ashley,Astrid,Auke,Axel,Aya,Ayden,Ayman,Ayoub,Azra,Babette,Barbara,Bart,Bas,Bastiaan,Beau,Ben,Benjamin,Bente,Benthe,Berat,Berend,Berkay,Beyza,Bianca,Bibi,Bilal,Bjarne,Bjern,Bjorn,Bo,Boaz,Bob,Boris,Boy,Bradley,Bram,Brandon,Bregje,Brenda,Brent,Brian,Bridget,Britney,Britt,Bruce,Bryan,Burak,Caitlin,Calvin,Camiel,Carice,Carlijn,Carlo,Carmen,Caroline,Cas,Casper,Catharina,Cato,Celeste,Celina,Celine,Ceylin,Chaima,Chaimae,Chanel,Chantal,Charissa,Charlotte,Chayenne,Chelsea,Cheyenne,Chiara,Chiel,Chimene,Chloe,Chris,Christel,Christiaan,Christian,Christina,Cindy,Claire,Claudia,Coen,Colin,Collin,Cornelia,Cornelis,Cynthia,Daan,Daantje,Dagmar,Daisy,Damian,Dana,Dani,Daniek,Daniel,Danielle,Danilo,Danique,Danny,Daphne,Dave,Davey,David,Davy,Dawid,Dean,Deborah,Delano,Demi,Denise,Dennis,Denzel,Derk,Desiree,Destiny,Devin,Dewi,Dex,Diana,Diederik,Diego,Dilara,Dimitri,Dina,Dinand,Dion,Dionne,Dirk,Dominic,Dominique,Donna,Donny,Douwe,Duco,Duncan,Duuk,Dylan,Dylano,Ecrin,Edwin,Eefje,Ela,Elena,Elias,Elif,Elijah,Elin,Elina,Eline,Elisa,Elisabeth,Elise,Eliza,Elizabeth,Elize,Elke,Ella,Ellen,Elles,emer,Emiel,Emilia,Emily,Emir,Emirhan,Emma,Emre,Enes,Enzo,Eren,Eric,Erik,Erwin,Esila,Esma,Esmay,Esmee,Esmeralda,Esra,Esther,Eva,Evan,Evelien,Eveline,Evert,Evi,Evie,Evy,Ezra,Fabian,Fabienne,Famke,Farah,Fatih,Fatima,Fay,Faye,Fedde,Fee,Felicia,Feline,Felix,Fem,Femke,Fenna,Fenne,Fien,Fiene,Filip,Finn,Fleur,Floor,Floortje,Florian,Florine,Floris,Franciscus,Frank,Frederik,Frederique,Freek,Furkan,Gabriel,Geert,Geertje,Gerard,Gerardus,Gerben,Gerrit,Gianni,Giel,Gijs,Gijsbert,Gina,Gino,Giovanni,Glenn,Grietje,Guido,Guus,Guusje,Gwen,Hailey,Hajar,Hamza,Hanna,Hannah,Hans,Harm,Hein,Heleen,Helena,Hendrik,Hendrika,Hendrikus,Herman,Hessel,Hester,Hicham,Hidde,Hilde,Hugo,Huub,Ian,Ibrahim,Ilayda,Ilias,Ilona,Ilse,Ilyas,Imane,Imke,Imran,Indy,Inge,Irem,Irene,Iris,Isa,Isabel,Isabella,Isabelle,Ise,Isis,Ismail,Ivan,Ivana,Ivar,Ivo,Ivy,Jaap,Jacco,Jace,Jack,Jacob,Jacoba,Jacobus,Jada,Jade,Jaimy,Jake,Jakub,James,Jamie,Jan,Jana,Janine,Janna,Janne,Janneke,Jannetje,Jara,Jari,Jarno,Jasmijn,Jasmin,Jasmine,Jason,Jasper,Jax,Jay,Jayda,Jayden,Jayla,Jaylinn,Jayson,Jeanine,Jeffrey,Jelle,Jelmer,Jelte,Jenna,Jennifer,Jens,Jente,Jeremy,Jeroen,Jesper,Jesse,Jessica,Jessie,Jet,Jill,Jim,Jimmy,Jinte,Jip,Joanne,Joas,Job,Jochem,Joel,Joelle,Joep,Joeri,Joey,Johan,Johanna,Johannes,John,Jolie,Jolien,Jonas,Jonathan,Joost,Jop,Joran,Jordan,Jordi,Jordy,Joris,Jorn,Jorrit,Jort,Jos,Josephine,Joshua,Joy,Joyce,Judith,Jules,Julia,Julian,Julie,Juliette,Julius,June,Jur,Jurgen,Jurre,Justin,Juul,Kaan,Kacper,Kadir,Kai,Kaj,Kamil,Kaoutar,Karlijn,Karolina,Karsten,Kas,Kasper,Kate,Kay,Kaya,Kaylee,Kayleigh,Keano,Kebra,Kees,Kelly,Kelsey,Kelvin,Kenji,Kenneth,Kevin,Kian,Kick,Kiki,Kim,Kimberley,Kimberly,Kirsten,Kjell,Klaas,Klaudia,Koen,Kyan,Kyano,Kyara,Kylian,Kyra,Lana,Lara,Larissa,Lars,Lasse,Laura,Lauren,Laurens,Layla,Leah,Leanne,Leendert,Len,Lena,Lenn,Lennard,Lennart,Lente,Lenthe,Leon,Leonie,Leroy,Levi,Levy,Lex,Liam,Lianne,Lieke,Lieve,Lily,Lina,Linda,Linde,Lindsay,Lindsey,Linn,Lisa,Lisanne,Lise,Liselotte,Lisette,Liv,Livia,Liz,Liza,Lize,Lizz,Lizzy,Lobke,Loek,Loes,Lois,Lola,Lonneke,Lorena,Lorenzo,Lot,Lotte,Lotus,Loubna,Louis,Louise,Luc,Luca,Lucas,Lucia,Luciano,Luka,Lukas,Luke,Luna,Luuk,Lydia,Lynn,Maaike,Maarten,Maartje,Madelief,Madelon,Mads,Magdalena,Maik,Maikel,Maja,Malak,Malou,Mandy,Manon,Manouk,Mara,Marc,Marcel,Marco,Marcus,Mare,Margaretha,Margot,Maria,Mariam,Marie,Marieke,Marielle,Marije,Marijke,Marijn,Marina,Marinus,Mariska,Marissa,Marit,Marjolein,Mark,Marleen,Marlies,Marloes,Marnix,Marouane,Mart,Marten,Martijn,Martin,Martine,Martinus,Marvin,Marwa,Maryam,Mason,Mateusz,Mathijs,Mats,Matthew,Matthias,Matthijs,Maud,Maureen,Maurice,Maurits,Mauro,Max,Maxim,Maxime,Maximiliaan,Maya,Mees,Megan,Mehmet,Meike,Melanie,Melisa,Melissa,Melle,Melvin,Menno,Merel,Merijn,Merle,Merlijn,Mert,Merve,Mette,Mia,Micha,Michael,Michel,Michelle,Michiel,Mick,Mik,Mika,Mike,Mila,Milan,Milo,Milou,Minke,Miranda,Mirjam,Mirte,Mirthe,Mitch,Mitchel,Mitchell,Mohamed,Mohammad,Mohammed,Monique,Moos,Morris,Muhammed,Mustafa,Myrthe,Nada,Nadia,Nadine,Nancy,Nanna,Naomi,Natalia,Natasja,Nathalie,Nathan,Naud,Neeltje,Nena,Nick,Nicky,Nico,Nicolaas,Nicole,Niek,Niels,Nienke,Nigel,Nika,Nikita,Nikki,Nils,Nina,Nino,Ninthe,Nisa,Noa,Noah,Noel,Noelle,Noor,Noortje,Nora,Norah,Nordin,Noud,Nout,Nova,Nynke,Olaf,Ole,Olivia,Olivier,Oliwia,Omar,Onur,Oscar,Otis,Oumaima,Oussama,Owen,Pamela,Pascal,Pascalle,Patricia,Patrick,Patryk,Paul,Paula,Paulina,Pauline,Pelle,Pepijn,Peter,Petronella,Petrus,Phileine,Philip,Pien,Pieter,Pieternella,Pim,Pleun,Priscilla,Puck,Puk,Quincy,Quinn,Quint,Quinten,Quinty,Rabia,Rachel,Rachelle,Raf,Rafael,Ralph,Ramazan,Ramon,Randy,Rania,Raoul,Ravi,Rayan,Raymond,Rebecca,Remco,Remy,Renate,Rene,Renee,Rens,Renske,Renzo,Rianne,Ricardo,Richard,Rick,Ricky,Rico,Rik,Riley,Roan,Rob,Robbert,Robbin,Robert,Robin,Robine,Roel,Roelof,Rogier,Romaissa,Romano,Romee,Romy,Ronald,Ronan,Ronja,Roos,Rosa,Rosalie,Rosanne,Rowan,Roy,Rozemarijn,Ruben,Ruby,Rutger,Ruth,Ryan,Saar,Sabine,Sabrina,Sacha,Safae,Salma,Sam,Samantha,Sami,Samir,Samira,Samuel,Sander,Sandra,Sanne,Sara,Sarah,Sascha,Saskia,Savannah,Sean,Sebastiaan,Sebastian,Selena,Selin,Selina,Sem,Semih,Senn,Senna,Senne,Sep,Sepp,Serena,Seth,Shakira,Shania,Shannon,Sharon,Sharona,Shirley,Siebe,Siem,Sienna,Sietske,Siham,Sil,Silas,Silke,Simon,Simone,Sjoerd,Sjors,Sofia,Sofie,Sophia,Sophie,Soraya,Soufiane,Stacey,Stan,Stef,Stefan,Stefanie,Stefano,Steijn,Stella,Sten,Stephan,Stephanie,Sterre,Steven,Stijn,Storm,Susan,Susanne,Suus,Suzan,Suzanne,Suze,Sven,Sylvana,Talitha,Tamar,Tamara,Tara,Tarik,Tatum,Tess,Tessa,Tessel,Teun,Teunis,Thijmen,Thijn,Thijs,Thimo,Thirza,Thom,Thomas,Tibbe,Ties,Tigo,Tijmen,Tijn,Tijs,Tim,Timo,Timon,Timothy,Tobias,Tom,Tomas,Tommy,Toon,Tristan,Tuana,Twan,Tycho,Tygo,Tyler,Vajen,Valentijn,Valentino,Valerie,Vanessa,Veerle,Vera,Victor,Victoria,Viggo,Vigo,Vince,Vincent,Vivian,Ward,Wendy,Wesley,Wessel,Wies,Wiktoria,Wilhelmina,Wilhelmus,Willem,Willemijn,William,Wout,Wouter,Xander,Xavi,Xavier,Yannick,Yara,Yasin,Yasmin,Yasmina,Yasmine,Yassin,Yassine,Yassir,Yentl,Yfke,Yinthe,Yoran,Yorick,Younes,Youri,Youssef,Youssra,Yuna,Yuri,Yusuf,Yvette,Yvonne,Zakaria,Zara,Zeynep,Zoe,Zoey,Zuzanna
1996,10,23,NA,NA,NA,27,NA,NA,34,141,100,27,22,NA,NA,NA,100,NA,NA,146,289,33,NA,111,27,NA,NA,NA,NA,NA,58,583,NA,NA,NA,NA,NA,NA,NA,297,NA,NA,NA,NA,79,NA,10,21,56,NA,32,645,NA,NA,957,NA,NA,NA,20,596,22,NA,10,69,NA,10,71,33,23,54,NA,210,20,13,NA,NA,NA,NA,NA,NA,NA,NA,682,631,157,10,10,145,86,NA,NA,22,NA,NA,61,NA,25,NA,41,137,146,NA,217,67,10,NA,548,24,10,23,10,270,NA,NA,355,NA,205,NA,NA,23,NA,NA,90,NA,169,11,159,237,132,NA,10,NA,418,NA,NA,NA,NA,322,NA,468,NA,NA,161,NA,NA,NA,NA,33,10,197,84,20,51,42,188,103,13,NA,253,421,88,668,NA,NA,134,247,21,NA,NA,671,366,NA,306,434,520,191,113,477,47,NA,NA,57,21,694,456,715,NA,NA,NA,NA,NA,40,NA,10,10,NA,NA,NA,NA,NA,243,24,294,NA,240,NA,NA,55,NA,10,NA,368,NA,NA,24,NA,NA,NA,NA,NA,NA,NA,NA,467,31,308,151,NA,38,NA,NA,NA,117,NA,NA,85,NA,96,NA,NA,427,42,NA,NA,NA,21,211,62,NA,NA,NA,450,NA,22,365,565,NA,83,22,20,21,NA,11,NA,116,NA,NA,NA,11,48,NA,NA,NA,NA,10,NA,NA,NA,437,23,NA,NA,NA,NA,NA,283,210,NA,NA,NA,293,10,303,12,10,10,12,NA,55,11,NA,21,23,290,NA,NA,293,10,NA,12,127,177,NA,145,92,NA,NA,NA,NA,34,NA,105,12,51,NA,NA,22,398,118,37,NA,NA,NA,NA,85,32,104,NA,43,NA,NA,35,81,290,NA,11,36,NA,NA,227,NA,84,808,NA,22,NA,120,NA,NA,11,NA,NA,NA,56,NA,NA,10,NA,NA,251,78,174,NA,NA,31,NA,10,NA,152,663,NA,91,57,NA,174,20,NA,209,22,108,NA,NA,65,542,NA,NA,NA,NA,NA,NA,NA,NA,587,519,159,NA,NA,230,87,NA,149,827,125,607,435,61,21,87,157,89,NA,NA,NA,NA,188,138,132,60,185,142,401,143,518,792,10,NA,NA,NA,153,365,10,11,NA,447,635,326,157,21,NA,13,NA,166,43,319,255,12,421,112,71,10,12,NA,NA,NA,NA,369,NA,NA,NA,NA,NA,NA,NA,NA,73,NA,NA,NA,NA,NA,11,NA,170,140,NA,10,NA,443,32,10,NA,10,1035,NA,NA,46,639,277,301,247,NA,44,NA,548,NA,NA,NA,NA,NA,NA,79,207,740,NA,1169,11,228,NA,10,NA,33,NA,NA,NA,NA,10,NA,NA,181,152,47,87,NA,24,NA,105,264,NA,NA,NA,255,NA,NA,NA,NA,990,443,NA,12,129,NA,NA,NA,10,NA,NA,10,NA,NA,175,NA,NA,NA,NA,166,NA,593,NA,NA,10,24,264,11,316,NA,NA,NA,10,15,NA,388,NA,118,368,422,208,NA,NA,NA,NA,NA,120,NA,NA,NA,346,472,35,NA,272,68,231,23,NA,10,NA,685,NA,NA,252,13,97,10,112,10,166,159,93,190,159,637,133,12,200,23,NA,12,NA,667,75,22,83,74,NA,10,NA,34,193,NA,NA,NA,296,248,46,168,10,NA,675,NA,215,10,NA,62,33,43,35,307,NA,598,NA,181,222,358,NA,NA,NA,10,126,NA,NA,NA,471,142,652,202,102,NA,NA,730,NA,109,NA,144,NA,23,53,NA,10,34,190,249,345,NA,186,38,NA,NA,43,54,275,NA,170,147,11,NA,604,NA,60,190,21,NA,10,NA,714,116,22,62,231,229,729,279,12,NA,NA,195,NA,358,89,NA,NA,34,30,NA,NA,NA,32,NA,NA,NA,NA,NA,NA,NA,25,NA,NA,60,NA,10,NA,22,NA,NA,NA,NA,10,153,NA,10,534,NA,169,10,NA,23,NA,88,264,11,121,NA,NA,34,414,NA,264,NA,143,38,NA,11,NA,NA,99,23,NA,180,10,NA,NA,NA,NA,183,45,NA,21,NA,NA,NA,124,324,22,35,21,117,177,104,NA,195,229,201,797,12,44,270,NA,NA,190,78,NA,344,1077,NA,186,21,10,NA,NA,NA,615,91,NA,NA,224,141,105,88,34,482,NA,591,NA,172,10,104,NA,158,39,NA,NA,NA,236,271,NA,NA,NA,84,667,138,953,176,311,NA,143,NA,NA,282,34,NA,NA,33,108,NA,NA,NA,NA,NA,NA,NA,NA,NA,NA,82,384,12,68,NA,NA,NA,NA,13,NA,NA,NA,205,304,292,98,NA,22,21,364,25,NA,NA,416,127,562,NA,NA,NA,NA,NA,63,101,22,218,399,NA,23,40,NA,NA,340,NA,357,NA,10,NA,204,33,NA,NA,102,548,NA,147,20,NA,NA,490,NA,NA,189,1125,NA,NA,NA,41,NA,NA,1137,226,10,72,50,720,10,NA,NA,59,NA,117,NA,NA,NA,NA,NA,NA,84,NA,135,354,93,NA,NA,NA,NA,354,22,NA,124,452,164,NA,NA,55,47,516,NA,20,10,526,NA,NA,NA,211,NA,NA,NA,NA,21,NA,34,NA,NA,NA,NA,NA,10,10,368,10,20,NA,NA,NA,31,58,24,NA,NA,174,NA,NA
1997,12,11,NA,NA,NA,10,NA,NA,79,155,23,14,NA,NA,NA,NA,47,10,NA,89,231,NA,NA,110,34,NA,NA,NA,NA,10,42,675,NA,NA,NA,NA,NA,NA,NA,297,NA,26,11,NA,60,NA,21,30,84,NA,24,655,22,NA,936,NA,10,NA,NA,614,43,NA,NA,33,NA,NA,95,12,NA,58,10,226,NA,NA,NA,NA,NA,NA,10,NA,10,20,644,648,154,81,NA,133,130,NA,NA,68,NA,NA,11,NA,33,NA,26,117,210,NA,198,16,NA,10,618,63,NA,25,10,260,NA,NA,435,NA,242,10,NA,108,NA,NA,86,10,172,NA,187,274,110,NA,NA,NA,391,NA,14,NA,NA,323,NA,444,NA,11,193,12,13,NA,NA,79,NA,188,102,35,23,23,153,56,117,NA,250,424,90,661,NA,NA,98,369,65,141,NA,742,381,NA,344,381,610,186,72,497,13,NA,NA,68,31,787,430,712,NA,NA,11,NA,NA,44,NA,11,NA,NA,10,NA,NA,NA,234,NA,254,11,206,NA,31,10,NA,11,NA,453,NA,NA,12,NA,NA,NA,NA,NA,NA,NA,NA,514,72,303,165,NA,86,NA,NA,NA,124,10,NA,84,NA,59,NA,NA,466,24,10,NA,NA,14,205,49,NA,NA,NA,405,30,31,348,559,NA,90,10,20,NA,NA,NA,NA,105,32,NA,NA,NA,98,NA,NA,NA,NA,10,NA,NA,NA,511,41,NA,NA,NA,NA,NA,349,246,NA,NA,NA,295,NA,250,32,NA,21,27,NA,51,NA,NA,10,NA,297,NA,NA,344,13,10,32,194,135,NA,52,128,NA,NA,NA,11,10,10,124,NA,71,NA,11,33,406,76,22,10,NA,11,NA,125,33,143,NA,45,34,NA,11,56,307,NA,NA,10,NA,NA,188,NA,100,849,104,77,10,145,NA,NA,22,NA,12,NA,85,NA,10,11,NA,NA,262,22,165,NA,NA,60,NA,NA,NA,159,756,NA,64,81,11,101,10,NA,146,35,89,NA,NA,83,540,NA,NA,NA,NA,NA,NA,NA,11,485,613,127,NA,NA,222,56,NA,185,742,110,699,262,58,NA,102,142,123,NA,NA,NA,NA,248,133,138,97,202,62,432,155,477,694,10,NA,10,NA,145,333,NA,NA,NA,244,560,295,86,20,NA,NA,10,170,45,277,255,11,582,350,127,10,NA,NA,NA,10,12,444,NA,NA,NA,10,NA,NA,NA,NA,132,11,NA,NA,NA,NA,21,NA,147,130,NA,22,NA,415,33,46,NA,NA,1000,NA,NA,47,814,272,289,245,NA,54,20,583,NA,NA,20,NA,54,NA,97,234,763,NA,1038,NA,225,NA,NA,NA,36,NA,12,NA,10,57,NA,NA,204,60,46,35,NA,NA,23,115,277,NA,NA,NA,247,NA,NA,NA,NA,970,470,NA,10,60,NA,NA,NA,10,NA,NA,12,NA,NA,161,NA,NA,13,NA,194,NA,627,NA,32,NA,105,275,22,313,NA,NA,NA,22,37,NA,473,NA,180,393,389,220,NA,NA,NA,11,NA,73,NA,NA,NA,332,396,NA,NA,226,78,211,NA,NA,30,NA,557,NA,NA,235,20,104,10,182,NA,208,128,29,212,112,521,130,NA,170,10,NA,63,NA,653,81,10,92,65,NA,NA,NA,10,175,22,NA,10,332,243,67,134,45,NA,768,NA,180,NA,NA,75,56,63,63,346,NA,646,NA,181,226,410,10,10,NA,NA,108,NA,NA,NA,355,127,609,192,68,NA,10,798,NA,96,NA,141,NA,NA,68,11,24,10,107,216,337,NA,208,NA,NA,NA,39,34,235,NA,99,97,NA,NA,598,10,32,198,14,NA,45,NA,781,92,NA,50,211,270,784,320,58,NA,NA,235,NA,363,38,NA,NA,65,63,NA,28,12,22,10,NA,10,NA,NA,NA,38,23,NA,NA,48,NA,53,21,NA,NA,10,NA,NA,NA,121,NA,22,368,10,149,NA,11,10,NA,132,234,10,90,NA,13,44,434,NA,325,10,103,55,NA,25,NA,NA,105,22,11,181,10,NA,NA,13,NA,130,34,NA,NA,NA,NA,11,103,289,10,10,22,112,192,150,NA,206,238,183,845,NA,10,279,NA,NA,147,80,20,283,1105,NA,152,22,10,NA,NA,NA,631,61,NA,NA,201,120,72,110,35,457,NA,667,25,177,NA,142,NA,236,21,NA,NA,NA,303,190,NA,NA,NA,84,646,104,1004,205,345,NA,60,NA,10,281,11,NA,NA,20,128,NA,NA,NA,NA,NA,NA,NA,NA,NA,NA,86,353,11,20,NA,NA,NA,10,NA,NA,NA,55,201,268,323,48,NA,65,36,423,22,NA,NA,398,151,489,12,NA,NA,NA,NA,11,52,99,216,456,NA,57,24,NA,11,254,NA,445,21,NA,NA,128,10,NA,NA,103,519,NA,175,NA,11,NA,470,NA,NA,78,1141,NA,NA,NA,37,10,NA,1065,228,NA,100,60,770,NA,NA,NA,123,NA,112,NA,NA,NA,NA,NA,NA,67,NA,121,370,136,NA,NA,NA,11,358,10,NA,154,426,242,NA,NA,82,30,498,35,NA,11,556,NA,NA,NA,239,20,10,NA,12,NA,NA,22,NA,NA,NA,NA,NA,NA,10,289,NA,60,NA,NA,NA,NA,11,NA,NA,NA,208,NA,NA
1998,NA,21,NA,NA,NA,12,10,NA,24,155,59,11,21,NA,NA,NA,74,NA,11,129,248,12,11,109,NA,NA,NA,NA,NA,NA,12,717,NA,NA,NA,NA,NA,NA,NA,203,NA,25,10,NA,129,NA,NA,NA,72,NA,NA,661,NA,NA,924,NA,NA,10,NA,960,33,NA,11,47,NA,NA,115,40,11,51,10,216,NA,NA,NA,NA,NA,NA,54,NA,34,NA,651,625,182,64,11,122,139,10,NA,88,NA,10,NA,NA,73,NA,21,155,225,NA,191,25,NA,NA,748,47,NA,10,NA,270,NA,NA,451,NA,197,12,10,32,NA,NA,121,NA,168,NA,205,256,94,NA,11,10,310,NA,NA,NA,NA,268,NA,410,32,38,223,12,10,NA,10,117,NA,133,108,NA,55,42,115,123,115,NA,222,422,59,911,NA,10,117,404,68,182,NA,693,367,NA,372,352,489,201,34,434,12,10,NA,NA,42,807,405,690,NA,NA,NA,NA,NA,31,NA,NA,12,NA,21,NA,NA,NA,223,22,270,NA,246,21,11,37,NA,NA,NA,501,NA,NA,13,NA,NA,NA,NA,NA,NA,NA,NA,493,80,303,161,NA,51,NA,NA,NA,123,NA,NA,84,NA,22,NA,NA,662,49,NA,NA,NA,10,201,61,NA,NA,NA,526,10,45,321,674,NA,84,41,12,22,NA,NA,NA,146,96,10,NA,NA,79,NA,NA,NA,NA,11,NA,20,NA,588,43,NA,NA,NA,NA,NA,376,273,NA,NA,NA,312,NA,210,10,NA,42,48,NA,59,12,12,11,47,299,24,NA,403,NA,10,48,242,138,NA,24,122,NA,NA,NA,10,NA,42,142,NA,85,NA,NA,11,416,95,14,NA,NA,NA,21,180,29,146,NA,109,23,NA,32,53,341,NA,23,37,NA,NA,179,NA,88,879,236,151,20,198,NA,NA,NA,NA,12,11,95,NA,15,NA,NA,NA,249,16,136,NA,NA,45,NA,NA,NA,123,668,10,84,69,24,133,NA,NA,121,30,235,NA,NA,127,584,NA,NA,NA,NA,NA,NA,NA,NA,446,606,185,NA,NA,253,123,NA,181,649,157,688,209,113,NA,143,145,176,NA,NA,10,NA,272,173,111,203,204,55,438,125,504,664,NA,NA,NA,NA,98,334,NA,13,NA,240,461,327,124,NA,NA,NA,10,136,10,254,205,12,769,473,68,13,44,NA,NA,10,60,444,NA,NA,NA,NA,20,NA,NA,10,122,NA,NA,NA,11,NA,38,NA,102,96,NA,NA,12,373,38,44,NA,NA,972,NA,NA,78,809,263,255,239,NA,68,NA,625,NA,NA,NA,NA,60,NA,126,252,828,NA,880,NA,210,NA,NA,NA,10,NA,NA,NA,NA,23,NA,NA,174,88,49,77,NA,10,10,85,262,NA,NA,NA,225,44,NA,NA,NA,971,493,NA,NA,24,NA,NA,NA,NA,NA,NA,NA,10,NA,204,NA,NA,40,NA,195,NA,720,NA,13,NA,42,312,50,358,NA,NA,NA,23,78,11,491,NA,202,407,424,205,NA,10,NA,NA,NA,63,NA,NA,NA,283,425,43,34,221,69,180,NA,NA,NA,NA,581,NA,NA,274,22,89,NA,162,NA,180,122,56,242,136,556,70,NA,135,36,NA,79,11,639,48,NA,77,11,NA,NA,NA,10,200,76,10,10,384,313,68,134,85,NA,873,NA,220,NA,NA,160,98,85,121,345,NA,517,NA,197,176,495,21,10,NA,NA,11,NA,NA,NA,372,110,592,139,112,NA,40,757,NA,152,NA,64,NA,NA,NA,NA,35,NA,148,236,330,NA,205,NA,NA,NA,34,23,298,NA,87,156,NA,NA,597,10,NA,168,27,NA,21,NA,887,76,NA,71,176,273,867,380,109,NA,70,304,17,566,112,NA,NA,65,165,NA,21,NA,34,11,NA,NA,NA,NA,NA,33,11,NA,NA,55,NA,10,10,23,NA,13,NA,23,NA,109,NA,NA,353,NA,109,NA,10,22,NA,179,175,10,44,NA,NA,82,428,NA,322,13,64,118,NA,21,NA,NA,199,79,NA,176,NA,NA,NA,10,10,173,11,NA,13,NA,NA,22,104,282,NA,NA,NA,97,192,154,NA,188,247,168,879,NA,22,321,NA,NA,111,25,NA,261,1095,NA,153,10,10,NA,11,NA,823,47,NA,NA,247,168,72,70,24,448,NA,726,NA,186,12,189,NA,188,11,NA,NA,NA,387,181,NA,NA,10,89,664,104,1187,240,285,11,92,11,NA,262,21,NA,NA,12,146,NA,NA,NA,NA,NA,NA,10,NA,NA,23,59,354,NA,47,NA,NA,NA,NA,NA,NA,NA,48,219,214,268,75,NA,91,57,549,NA,11,NA,467,218,426,NA,NA,NA,NA,NA,25,49,186,231,549,NA,72,31,NA,12,262,NA,495,NA,NA,NA,160,22,10,NA,128,532,NA,220,10,24,NA,551,NA,NA,193,1289,NA,NA,NA,124,38,NA,1132,305,NA,75,64,845,NA,10,NA,155,NA,159,NA,NA,NA,NA,NA,NA,71,NA,175,365,123,NA,NA,NA,10,312,50,NA,34,432,293,NA,NA,46,33,503,22,NA,36,511,NA,NA,NA,210,NA,NA,NA,10,59,NA,91,NA,NA,NA,NA,NA,NA,21,263,10,102,NA,NA,NA,10,NA,33,NA,NA,217,NA,NA
1999,NA,38,NA,NA,NA,NA,23,NA,50,151,34,13,NA,NA,NA,NA,87,NA,NA,98,243,NA,12,65,NA,NA,NA,NA,23,NA,NA,800,NA,NA,NA,NA,NA,NA,NA,170,NA,NA,NA,NA,20,NA,NA,NA,67,NA,NA,649,33,NA,978,NA,NA,11,NA,954,24,NA,NA,10,NA,12,81,NA,NA,86,10,181,NA,NA,23,NA,NA,NA,31,NA,67,NA,681,621,143,63,NA,136,239,NA,NA,85,NA,NA,NA,NA,49,NA,77,160,260,NA,200,32,NA,NA,735,70,NA,NA,NA,275,NA,114,549,NA,233,NA,12,31,NA,NA,90,11,208,NA,153,210,109,NA,NA,NA,210,NA,NA,NA,NA,221,NA,430,10,38,146,32,NA,NA,10,95,NA,189,98,21,45,57,87,113,97,12,209,409,60,925,NA,NA,59,363,16,125,NA,708,330,NA,371,325,434,194,11,464,31,10,NA,21,11,779,328,506,NA,NA,NA,NA,NA,NA,NA,NA,NA,21,11,11,NA,NA,186,10,277,NA,169,NA,16,36,NA,NA,NA,542,NA,NA,NA,NA,NA,NA,NA,NA,NA,NA,NA,424,43,262,151,NA,118,NA,NA,13,76,NA,NA,46,NA,NA,NA,NA,782,23,10,NA,NA,23,139,10,NA,NA,NA,602,NA,40,299,657,NA,56,16,44,13,NA,NA,NA,130,176,41,NA,NA,24,NA,NA,NA,NA,NA,NA,NA,NA,639,47,NA,NA,NA,NA,NA,677,340,NA,NA,NA,309,10,217,10,NA,23,11,NA,20,NA,22,10,12,277,NA,NA,446,NA,11,47,207,101,NA,40,71,NA,NA,NA,10,42,64,151,NA,90,NA,NA,NA,379,94,34,NA,NA,NA,NA,197,10,163,NA,57,16,NA,58,54,583,NA,36,76,NA,NA,191,NA,81,879,370,180,31,224,NA,NA,NA,NA,10,NA,54,NA,11,10,NA,NA,210,32,87,NA,34,43,NA,NA,NA,124,731,NA,14,79,21,116,NA,NA,56,107,198,NA,NA,133,572,NA,117,NA,NA,NA,NA,NA,NA,400,632,165,NA,NA,252,150,NA,172,584,250,803,183,79,32,144,181,65,NA,11,NA,NA,254,145,161,170,205,83,406,137,434,665,NA,NA,NA,NA,155,346,10,11,10,220,477,283,116,NA,10,10,NA,192,21,230,157,11,963,477,116,34,10,NA,NA,25,50,397,10,NA,NA,10,NA,NA,10,10,100,NA,NA,NA,NA,NA,33,NA,111,133,NA,NA,NA,313,43,12,NA,NA,882,NA,NA,73,772,162,172,245,NA,34,NA,572,NA,NA,NA,NA,89,NA,142,196,894,NA,823,NA,176,NA,NA,NA,35,NA,NA,NA,NA,49,NA,NA,182,87,31,151,NA,14,21,113,325,NA,NA,NA,169,41,NA,NA,NA,1031,397,NA,NA,NA,NA,NA,NA,NA,NA,NA,NA,NA,NA,166,NA,NA,13,NA,242,NA,705,NA,NA,NA,68,344,172,430,NA,NA,NA,24,105,132,603,10,186,359,373,234,10,NA,NA,NA,NA,82,NA,NA,NA,231,410,22,10,202,23,197,NA,NA,NA,10,579,NA,10,237,11,127,NA,185,NA,205,86,31,223,118,533,107,NA,123,10,NA,84,NA,616,NA,NA,65,11,NA,NA,NA,24,159,58,10,NA,365,358,94,80,92,NA,1070,NA,185,32,NA,211,132,48,116,314,11,555,NA,161,181,512,23,32,12,10,23,NA,NA,NA,351,73,508,117,135,NA,101,714,NA,213,NA,181,NA,NA,31,12,82,NA,49,208,354,NA,202,NA,NA,NA,34,31,299,NA,81,129,NA,NA,643,10,11,151,66,NA,11,NA,953,92,NA,26,176,274,847,389,10,NA,186,314,NA,596,84,NA,NA,220,359,NA,10,67,68,NA,NA,NA,NA,NA,NA,59,20,NA,NA,84,NA,11,NA,NA,NA,24,11,10,NA,91,NA,NA,324,10,104,NA,NA,NA,NA,175,168,NA,12,NA,10,131,396,10,274,33,21,164,NA,NA,NA,NA,219,261,NA,185,20,NA,NA,NA,NA,167,NA,NA,23,NA,NA,NA,134,280,NA,NA,10,144,214,131,NA,190,206,88,953,NA,92,248,NA,NA,136,35,10,267,1068,NA,128,NA,NA,NA,12,20,872,10,NA,NA,287,167,168,70,21,419,NA,700,10,183,NA,214,NA,211,NA,33,NA,NA,460,134,NA,NA,NA,152,672,47,1115,233,286,NA,35,NA,NA,240,14,NA,NA,25,230,NA,NA,NA,NA,NA,NA,NA,NA,NA,45,23,273,10,NA,NA,NA,NA,NA,10,NA,NA,114,248,222,253,23,NA,63,35,552,12,NA,NA,463,233,444,NA,NA,NA,NA,10,38,12,253,199,532,NA,51,12,NA,NA,228,NA,515,11,NA,NA,107,51,NA,NA,147,473,NA,275,13,43,NA,605,12,NA,170,1170,NA,22,NA,110,63,NA,1189,337,NA,54,134,808,NA,NA,NA,172,NA,132,60,23,NA,NA,NA,NA,33,NA,157,346,142,NA,NA,NA,11,310,NA,10,83,458,320,NA,NA,22,10,481,59,NA,35,472,59,NA,NA,189,NA,NA,24,22,50,NA,92,NA,NA,NA,NA,NA,10,NA,242,10,140,NA,NA,NA,11,NA,NA,NA,NA,268,NA,NA
2000,10,14,NA,NA,NA,10,NA,NA,34,132,45,36,11,NA,NA,NA,123,NA,NA,69,247,NA,35,116,NA,NA,NA,NA,12,NA,NA,877,NA,NA,NA,NA,NA,NA,NA,172,NA,NA,NA,NA,24,NA,10,22,96,NA,NA,684,20,NA,969,NA,NA,NA,20,885,10,11,NA,24,NA,10,44,11,NA,76,NA,167,NA,NA,NA,NA,NA,NA,80,NA,31,NA,641,657,129,143,NA,176,261,NA,NA,44,NA,NA,20,22,97,10,63,174,239,NA,125,67,NA,34,778,58,NA,NA,22,284,NA,175,557,NA,225,NA,31,45,NA,NA,131,NA,203,NA,191,235,85,NA,NA,NA,159,NA,NA,NA,10,219,NA,419,22,10,148,10,10,NA,NA,89,12,156,72,NA,NA,21,66,106,137,13,202,381,23,1003,NA,12,38,370,44,116,NA,730,321,NA,405,272,329,142,10,484,21,NA,NA,NA,40,728,315,482,NA,NA,NA,NA,NA,30,NA,NA,NA,12,12,NA,NA,NA,169,13,249,NA,144,10,NA,NA,NA,22,NA,565,NA,NA,11,NA,NA,11,NA,NA,NA,NA,NA,463,70,287,197,NA,52,NA,22,NA,59,NA,NA,63,NA,10,NA,NA,767,51,NA,NA,NA,NA,98,NA,NA,NA,NA,652,NA,58,261,715,NA,44,20,10,63,NA,NA,NA,103,123,41,NA,NA,54,NA,NA,NA,NA,10,NA,NA,NA,694,62,NA,NA,NA,NA,81,1020,386,11,NA,NA,324,NA,167,10,10,22,31,NA,10,NA,NA,NA,10,250,NA,NA,432,10,NA,32,154,117,11,NA,97,NA,NA,NA,NA,26,23,201,NA,98,NA,NA,27,394,79,10,NA,NA,NA,10,151,NA,171,NA,105,34,NA,13,11,611,NA,55,78,NA,22,199,NA,46,898,434,262,39,200,NA,24,NA,NA,NA,10,35,NA,NA,NA,NA,12,254,44,108,NA,55,77,NA,21,NA,129,654,NA,20,38,69,106,NA,NA,87,294,217,NA,NA,47,543,NA,87,NA,NA,NA,NA,NA,NA,304,584,195,NA,NA,279,151,NA,173,493,259,721,166,48,14,165,187,56,NA,43,NA,NA,269,213,148,208,273,46,464,156,464,641,10,NA,NA,NA,148,326,105,11,NA,158,457,280,113,10,31,NA,13,188,83,227,129,NA,820,437,137,NA,42,NA,NA,11,119,464,NA,NA,21,NA,13,12,12,10,114,NA,NA,NA,10,NA,60,NA,156,153,NA,NA,NA,279,35,22,NA,NA,816,NA,NA,144,752,110,198,221,NA,54,NA,535,NA,NA,NA,NA,164,NA,167,218,885,NA,737,NA,161,NA,NA,NA,11,NA,NA,NA,NA,10,NA,NA,189,35,10,211,NA,10,50,77,348,NA,NA,NA,169,57,NA,NA,NA,1039,360,10,NA,NA,NA,NA,NA,NA,NA,NA,NA,10,10,209,NA,NA,22,NA,188,NA,764,NA,NA,NA,65,348,185,505,NA,NA,NA,34,115,203,617,11,242,394,373,244,58,NA,NA,NA,NA,35,NA,NA,NA,211,369,NA,23,186,21,217,11,NA,NA,NA,559,NA,10,225,NA,94,NA,200,10,171,24,18,350,76,466,106,NA,92,57,NA,170,NA,585,51,NA,11,13,NA,NA,NA,10,170,145,12,10,359,389,55,99,96,NA,1182,NA,92,NA,NA,268,163,25,141,289,NA,449,10,173,140,553,32,31,21,37,31,NA,NA,11,346,72,464,152,111,NA,163,753,44,223,NA,186,NA,NA,NA,44,84,11,76,220,400,NA,257,NA,NA,NA,14,34,301,NA,86,85,NA,NA,625,11,NA,130,90,NA,NA,NA,822,10,NA,25,129,265,895,384,35,NA,251,308,10,563,35,NA,NA,595,475,NA,14,76,70,10,NA,NA,NA,NA,NA,84,NA,NA,NA,63,NA,11,NA,NA,NA,32,36,31,NA,70,NA,NA,265,NA,116,11,NA,NA,NA,232,166,NA,NA,NA,21,118,457,NA,297,93,NA,194,NA,31,NA,NA,288,234,NA,166,NA,NA,NA,10,NA,175,11,10,12,NA,NA,NA,43,209,NA,NA,20,83,186,137,NA,155,250,47,864,NA,42,267,NA,93,102,NA,NA,180,1026,NA,103,10,NA,NA,13,12,742,NA,10,NA,325,186,181,41,156,379,NA,667,12,184,13,307,NA,143,NA,11,NA,NA,818,173,NA,10,NA,143,704,66,1091,287,370,NA,69,NA,10,222,11,NA,NA,11,373,NA,NA,57,NA,NA,NA,12,NA,NA,26,41,245,NA,24,NA,12,NA,NA,NA,11,NA,113,250,186,278,23,NA,132,53,539,10,NA,NA,548,214,415,NA,21,NA,11,21,22,10,274,170,660,NA,24,NA,NA,NA,219,NA,530,22,NA,NA,138,118,12,NA,173,566,NA,255,11,60,NA,631,20,35,157,1216,NA,67,NA,78,170,NA,1133,413,NA,55,148,826,NA,NA,NA,187,NA,200,130,33,NA,NA,NA,NA,60,NA,198,361,97,NA,NA,NA,NA,282,NA,NA,45,380,340,NA,57,58,NA,476,53,21,53,484,145,NA,NA,188,87,NA,NA,NA,64,NA,108,NA,NA,NA,NA,NA,NA,NA,252,49,122,NA,NA,NA,NA,NA,61,NA,NA,333,NA,NA
2001,NA,22,NA,NA,NA,NA,NA,10,NA,118,47,20,NA,NA,NA,NA,83,NA,NA,120,221,NA,22,68,13,NA,NA,11,20,NA,NA,775,NA,NA,NA,NA,NA,NA,NA,193,NA,20,NA,NA,47,NA,NA,NA,107,11,12,744,20,NA,957,NA,NA,NA,23,651,46,NA,NA,10,NA,NA,11,NA,NA,33,NA,114,NA,NA,NA,NA,NA,NA,117,NA,NA,NA,570,629,93,104,NA,154,255,11,NA,118,NA,10,NA,10,59,NA,38,171,314,NA,141,110,NA,25,775,43,NA,NA,22,221,NA,NA,643,NA,190,NA,36,74,NA,NA,90,NA,171,NA,205,244,46,NA,NA,NA,100,NA,11,NA,NA,195,NA,416,NA,10,110,23,22,40,NA,135,NA,114,95,NA,NA,21,43,32,104,34,190,346,12,1111,NA,24,30,325,24,132,NA,730,245,NA,426,209,288,170,NA,428,NA,NA,NA,21,36,633,286,370,NA,10,NA,NA,NA,66,NA,NA,NA,26,40,NA,10,NA,154,NA,248,NA,122,20,13,21,NA,33,NA,559,NA,NA,NA,NA,NA,NA,NA,NA,NA,NA,NA,375,54,247,185,NA,24,NA,NA,NA,NA,NA,NA,42,NA,10,10,NA,709,35,NA,NA,NA,NA,125,NA,NA,NA,NA,671,10,21,250,723,NA,15,NA,NA,70,NA,11,NA,87,132,37,NA,NA,68,NA,NA,NA,NA,NA,NA,NA,NA,754,69,10,NA,NA,NA,153,899,399,24,NA,NA,301,NA,154,14,NA,NA,22,NA,NA,NA,10,12,11,242,NA,NA,518,12,11,43,155,73,NA,NA,138,11,NA,NA,10,35,53,212,NA,60,NA,NA,33,356,92,22,NA,NA,NA,NA,194,11,173,NA,146,44,NA,34,11,571,NA,64,122,NA,347,171,NA,42,842,495,286,62,180,NA,50,NA,NA,NA,21,53,NA,NA,NA,NA,NA,239,12,90,NA,77,94,NA,41,NA,23,648,NA,NA,57,49,133,NA,NA,59,372,300,NA,NA,138,565,NA,125,NA,NA,NA,NA,NA,NA,268,506,120,NA,NA,297,233,NA,177,417,221,666,145,36,10,140,174,53,NA,63,NA,NA,244,223,135,159,294,25,411,77,386,582,NA,NA,NA,44,161,314,43,25,10,147,427,300,140,10,65,NA,11,144,24,192,132,10,864,409,92,10,38,NA,10,NA,109,510,NA,NA,11,NA,10,10,NA,NA,96,NA,NA,NA,17,NA,47,NA,172,124,NA,NA,NA,194,22,23,NA,NA,716,NA,NA,163,749,125,156,231,NA,61,NA,514,NA,NA,21,NA,135,NA,245,174,970,NA,691,NA,152,NA,NA,NA,22,NA,NA,NA,NA,NA,NA,NA,188,84,11,170,NA,22,49,44,435,NA,NA,13,131,83,NA,11,NA,927,306,21,NA,NA,NA,NA,NA,11,NA,NA,NA,NA,NA,161,10,11,20,NA,182,NA,698,NA,NA,NA,10,298,265,631,NA,NA,10,92,130,303,585,NA,237,370,321,223,123,10,NA,NA,NA,33,NA,NA,10,177,309,NA,11,154,NA,124,11,NA,NA,NA,526,NA,NA,172,NA,114,NA,219,NA,117,10,NA,393,43,395,57,NA,58,38,NA,149,NA,490,10,NA,42,12,NA,NA,NA,NA,241,188,10,25,343,406,68,68,88,NA,1026,NA,37,11,NA,265,145,10,273,206,10,408,10,177,106,503,21,14,24,21,10,NA,NA,NA,307,61,434,99,162,NA,203,623,126,254,10,220,NA,NA,NA,24,86,10,92,151,401,NA,250,NA,NA,10,21,21,329,NA,89,42,NA,NA,623,21,NA,76,92,NA,10,NA,747,30,NA,38,118,238,793,418,24,NA,211,325,10,515,55,NA,NA,590,468,14,36,78,61,32,NA,NA,NA,NA,60,133,10,10,NA,121,NA,38,NA,44,NA,45,37,71,NA,114,10,NA,213,14,49,NA,NA,NA,NA,210,140,NA,41,NA,12,153,391,NA,354,50,11,146,NA,10,NA,NA,281,256,NA,246,20,NA,NA,10,NA,150,NA,NA,NA,NA,NA,NA,50,192,NA,NA,NA,48,253,132,NA,121,195,63,795,NA,22,270,NA,94,22,NA,NA,151,1041,NA,35,NA,NA,NA,NA,NA,658,NA,NA,NA,386,203,154,25,95,346,NA,693,22,97,22,271,NA,94,NA,63,NA,NA,955,133,NA,NA,NA,164,606,32,1082,285,345,NA,10,NA,NA,211,NA,NA,NA,NA,432,NA,NA,51,NA,NA,NA,23,NA,NA,NA,33,200,NA,NA,NA,44,NA,NA,NA,49,NA,174,206,155,251,33,NA,125,21,604,11,NA,NA,481,248,368,NA,NA,NA,NA,13,11,NA,301,146,728,NA,22,11,NA,NA,208,NA,562,NA,NA,NA,82,108,11,NA,233,621,NA,297,NA,165,NA,645,NA,NA,188,1305,NA,116,NA,157,71,NA,1099,366,NA,35,117,784,10,10,NA,213,NA,205,215,44,NA,NA,NA,NA,21,NA,151,388,47,NA,NA,NA,31,293,11,NA,45,332,335,NA,31,30,NA,431,53,NA,12,461,162,NA,NA,154,128,NA,11,79,43,NA,106,NA,32,NA,NA,NA,NA,NA,207,10,79,NA,NA,10,12,10,10,NA,NA,569,NA,NA
2002,10,11,NA,NA,10,21,NA,61,35,96,12,NA,NA,NA,NA,NA,26,NA,NA,61,211,NA,25,74,142,NA,NA,NA,NA,NA,NA,722,NA,NA,NA,NA,13,NA,NA,164,NA,11,NA,20,11,NA,NA,NA,60,NA,NA,867,12,NA,874,NA,NA,10,20,657,28,NA,NA,NA,NA,10,67,NA,NA,55,11,112,NA,NA,NA,43,NA,NA,58,NA,21,NA,534,546,93,92,NA,195,307,NA,NA,65,NA,NA,NA,NA,55,NA,95,153,240,31,46,105,NA,11,726,51,NA,NA,11,198,NA,NA,815,NA,237,NA,22,45,NA,NA,56,NA,186,NA,272,234,47,14,NA,NA,39,NA,NA,10,13,176,NA,368,33,21,110,50,NA,56,10,172,NA,114,23,NA,NA,44,22,43,136,23,171,395,NA,1249,NA,21,31,375,66,103,20,722,225,NA,362,191,307,168,71,415,NA,NA,NA,NA,69,575,247,305,12,NA,NA,10,21,12,NA,NA,NA,74,59,NA,20,NA,138,10,224,NA,118,61,NA,24,NA,60,NA,501,31,NA,10,NA,NA,NA,NA,NA,NA,NA,NA,406,92,253,154,NA,82,NA,NA,10,34,NA,NA,22,NA,12,NA,NA,722,33,NA,NA,NA,NA,78,NA,NA,NA,NA,650,NA,10,219,692,NA,33,NA,NA,116,NA,20,NA,133,120,92,NA,NA,34,NA,NA,NA,NA,NA,NA,NA,NA,671,61,10,NA,NA,NA,241,874,386,NA,NA,11,351,NA,98,NA,NA,20,NA,NA,41,NA,34,NA,NA,264,NA,NA,441,NA,NA,21,119,34,NA,NA,163,10,72,NA,NA,84,54,197,NA,77,NA,NA,13,321,44,10,NA,11,NA,NA,180,10,196,10,137,31,21,36,NA,513,NA,33,99,NA,345,162,NA,34,812,674,277,134,194,NA,62,NA,22,NA,13,70,NA,NA,NA,NA,NA,196,31,104,NA,55,62,NA,75,NA,121,563,NA,NA,61,33,43,NA,NA,76,343,319,NA,NA,182,578,NA,159,NA,30,NA,NA,NA,NA,227,494,142,NA,NA,272,332,NA,174,365,211,755,86,34,20,193,147,22,NA,59,NA,NA,342,260,143,139,274,NA,373,133,384,491,NA,NA,NA,66,142,263,60,NA,NA,99,348,316,163,20,95,NA,26,182,49,148,114,24,864,442,89,38,65,NA,NA,22,145,508,NA,NA,23,10,24,NA,NA,NA,80,NA,NA,NA,22,NA,78,NA,112,119,NA,NA,NA,74,NA,23,NA,NA,687,NA,NA,173,665,76,152,171,NA,32,11,493,NA,NA,31,NA,258,NA,282,129,969,NA,649,NA,107,NA,NA,11,24,NA,25,NA,NA,NA,NA,NA,136,43,10,271,NA,NA,90,47,410,22,NA,NA,70,45,NA,11,NA,896,283,20,NA,NA,NA,NA,NA,NA,NA,NA,NA,NA,NA,149,10,20,NA,NA,193,NA,736,NA,NA,NA,47,301,361,746,10,NA,49,127,157,384,601,NA,242,316,306,187,102,NA,NA,NA,11,12,NA,NA,NA,141,306,NA,10,141,NA,104,10,NA,10,NA,468,NA,NA,122,NA,46,NA,230,NA,126,NA,NA,465,14,363,68,NA,34,13,NA,166,NA,469,NA,NA,10,NA,NA,NA,NA,NA,198,208,NA,11,308,471,36,55,62,NA,906,NA,NA,NA,NA,307,156,32,247,198,NA,339,10,138,163,452,36,55,42,11,NA,53,NA,NA,238,11,392,45,176,NA,271,565,183,401,12,224,NA,NA,NA,40,109,NA,68,117,338,11,262,NA,NA,10,52,11,291,NA,24,NA,NA,NA,603,10,NA,63,67,NA,10,NA,688,31,NA,23,100,291,756,426,45,NA,129,291,NA,481,25,NA,NA,577,382,NA,47,117,63,60,NA,NA,NA,NA,47,160,23,11,NA,199,NA,21,NA,NA,NA,22,NA,77,NA,94,10,NA,152,NA,21,NA,NA,NA,NA,241,109,NA,23,NA,NA,180,414,NA,178,35,NA,213,NA,NA,NA,NA,332,232,NA,187,NA,NA,13,NA,NA,55,NA,NA,10,NA,NA,NA,45,161,NA,NA,NA,57,300,202,90,88,127,37,790,NA,NA,258,NA,97,35,NA,NA,141,849,NA,74,NA,NA,NA,NA,NA,581,NA,NA,NA,444,230,198,12,97,311,NA,690,10,75,NA,288,NA,80,NA,NA,NA,61,890,102,NA,10,NA,168,521,13,1065,344,424,NA,NA,NA,NA,235,10,NA,NA,10,502,NA,NA,201,NA,NA,NA,20,NA,41,NA,11,133,NA,10,NA,34,NA,NA,NA,57,NA,188,244,122,235,11,NA,177,65,566,NA,NA,NA,442,212,312,NA,NA,NA,NA,20,11,NA,358,95,690,NA,NA,NA,NA,NA,146,NA,567,NA,NA,NA,53,50,NA,11,244,567,NA,314,NA,235,NA,696,10,14,190,1255,NA,160,NA,133,225,36,1059,392,NA,20,135,707,NA,NA,NA,214,NA,262,169,68,NA,NA,20,NA,51,NA,145,340,81,NA,NA,NA,10,210,NA,NA,24,307,311,NA,41,23,NA,382,10,NA,38,458,174,NA,NA,114,56,NA,NA,94,71,NA,74,NA,NA,NA,NA,NA,NA,33,202,21,35,NA,NA,NA,NA,10,24,12,NA,477,NA,NA
2003,NA,NA,NA,NA,NA,NA,11,45,25,90,23,NA,10,NA,NA,20,11,NA,NA,44,171,NA,22,57,59,NA,NA,NA,73,NA,NA,675,NA,NA,NA,NA,10,NA,NA,268,NA,35,NA,NA,NA,10,NA,NA,69,NA,NA,754,43,NA,784,10,NA,NA,25,653,21,NA,NA,11,NA,20,80,NA,NA,22,NA,126,NA,NA,NA,22,NA,NA,116,NA,11,NA,488,536,119,74,NA,209,269,45,NA,58,NA,10,NA,NA,90,NA,54,170,253,22,25,146,NA,NA,797,12,NA,NA,49,193,10,NA,737,NA,173,NA,50,20,NA,NA,61,NA,151,NA,265,244,48,10,NA,NA,34,NA,NA,NA,NA,143,NA,354,NA,12,93,35,10,10,NA,194,NA,112,45,NA,NA,10,NA,48,179,75,114,318,NA,1116,NA,10,12,396,98,187,10,632,184,NA,375,132,266,109,51,464,NA,NA,20,10,78,589,193,281,NA,NA,NA,NA,NA,251,NA,NA,NA,12,24,NA,34,NA,153,NA,222,NA,105,143,NA,10,NA,64,NA,451,82,NA,NA,NA,NA,14,NA,NA,NA,NA,NA,420,98,233,243,NA,43,NA,NA,23,NA,NA,NA,11,NA,45,NA,NA,863,28,NA,NA,NA,NA,68,NA,NA,NA,11,662,NA,NA,204,682,NA,NA,NA,NA,127,NA,53,NA,97,51,62,NA,NA,21,23,NA,NA,NA,NA,NA,NA,NA,696,132,44,NA,NA,NA,331,736,520,45,12,NA,362,NA,65,NA,10,12,NA,NA,22,NA,NA,NA,NA,251,NA,NA,490,22,NA,30,96,24,NA,NA,133,10,24,NA,10,39,12,188,NA,31,NA,NA,NA,301,32,NA,NA,NA,NA,NA,215,NA,180,NA,122,34,20,64,NA,437,NA,66,79,NA,350,138,NA,NA,805,789,255,246,257,NA,103,NA,NA,NA,22,10,NA,NA,NA,NA,NA,188,10,51,NA,189,32,NA,32,NA,112,614,NA,NA,93,45,80,NA,NA,86,242,352,NA,NA,151,596,NA,157,NA,122,NA,NA,NA,NA,162,450,144,NA,NA,223,311,NA,135,259,215,667,78,NA,35,261,189,10,NA,43,10,NA,326,210,174,75,299,10,339,74,361,506,NA,NA,NA,23,150,266,66,41,NA,82,296,239,140,38,177,NA,10,211,60,120,122,21,794,441,170,10,69,11,NA,NA,115,549,NA,10,11,NA,70,25,NA,NA,119,NA,NA,NA,43,NA,94,NA,97,87,NA,NA,NA,NA,NA,NA,NA,NA,607,NA,NA,139,604,11,138,165,NA,38,NA,474,10,NA,10,13,219,NA,304,103,948,NA,583,NA,154,NA,NA,NA,21,NA,NA,NA,NA,NA,NA,NA,151,49,11,260,NA,11,114,62,515,34,NA,32,75,38,NA,NA,NA,833,260,NA,NA,NA,NA,NA,10,NA,NA,NA,34,NA,23,194,44,31,NA,NA,113,10,702,NA,NA,NA,83,266,372,956,NA,NA,33,164,126,447,634,NA,269,288,277,190,124,NA,NA,NA,NA,NA,NA,NA,NA,125,214,NA,44,123,NA,72,NA,20,NA,NA,448,NA,NA,140,NA,46,NA,244,NA,142,10,10,459,22,341,20,NA,10,NA,12,137,NA,408,NA,NA,22,NA,NA,NA,NA,NA,167,182,NA,11,288,523,34,32,69,NA,791,NA,NA,NA,NA,342,132,NA,252,166,NA,286,44,104,50,468,77,38,10,NA,NA,57,NA,NA,203,NA,376,38,157,NA,245,516,223,691,NA,189,NA,NA,10,63,162,NA,34,95,373,NA,237,NA,NA,40,30,22,304,NA,35,44,NA,NA,580,11,NA,32,116,NA,NA,NA,582,10,NA,NA,23,284,702,389,108,NA,55,291,10,592,22,NA,NA,636,354,NA,13,204,62,75,43,NA,NA,NA,13,149,44,11,NA,203,NA,36,NA,62,NA,12,NA,129,NA,117,NA,NA,87,NA,20,NA,NA,NA,NA,251,49,NA,NA,NA,NA,183,373,NA,71,57,13,189,NA,10,NA,NA,354,160,NA,188,NA,NA,10,11,NA,34,NA,NA,10,NA,NA,NA,45,152,NA,NA,NA,35,310,170,152,70,77,10,646,NA,NA,236,NA,101,12,NA,NA,83,821,11,49,NA,NA,NA,NA,NA,478,NA,NA,NA,542,229,221,NA,83,278,NA,691,14,56,NA,293,NA,61,NA,NA,NA,42,879,57,NA,NA,10,174,471,NA,988,378,412,NA,NA,NA,NA,216,NA,NA,NA,55,905,NA,NA,426,NA,NA,NA,NA,NA,NA,NA,NA,86,NA,NA,10,52,NA,NA,NA,44,NA,111,241,66,244,11,NA,173,66,584,NA,NA,NA,498,189,269,NA,NA,NA,NA,NA,NA,NA,336,105,659,10,NA,10,31,NA,169,42,599,NA,NA,NA,36,74,NA,NA,279,505,NA,328,NA,269,53,673,NA,34,170,1150,NA,214,NA,123,286,12,1027,360,NA,10,164,667,NA,10,NA,249,NA,235,188,138,NA,NA,10,NA,33,NA,172,343,93,NA,NA,NA,22,215,NA,NA,42,344,356,NA,46,NA,NA,369,23,NA,115,469,115,NA,NA,134,188,NA,11,24,70,NA,56,NA,NA,NA,NA,NA,NA,22,210,NA,50,NA,10,NA,NA,NA,49,10,NA,455,NA,NA
2004,NA,22,11,11,NA,NA,NA,77,23,69,NA,20,NA,NA,NA,12,10,NA,NA,11,176,NA,24,51,97,NA,10,NA,80,NA,NA,683,NA,NA,NA,21,NA,NA,10,257,NA,21,NA,NA,NA,NA,NA,NA,49,NA,NA,734,20,NA,739,NA,NA,NA,54,620,23,NA,NA,NA,NA,NA,25,NA,NA,24,NA,121,NA,NA,NA,111,NA,NA,96,31,NA,NA,347,445,120,65,NA,216,344,64,NA,73,NA,NA,NA,NA,50,NA,75,72,320,47,11,158,NA,NA,748,22,NA,NA,106,72,NA,NA,671,NA,148,NA,25,NA,NA,NA,90,NA,218,NA,293,253,71,NA,NA,NA,NA,NA,NA,NA,NA,58,NA,339,NA,NA,11,NA,NA,NA,20,197,NA,130,37,10,NA,10,10,11,145,27,120,273,NA,1033,NA,NA,12,309,125,125,14,628,130,NA,343,93,268,78,NA,402,NA,NA,135,10,33,461,179,214,10,NA,NA,NA,NA,124,NA,NA,NA,11,10,NA,16,36,141,NA,202,NA,101,129,NA,NA,NA,65,NA,475,57,NA,NA,NA,NA,NA,10,NA,NA,NA,NA,393,44,198,246,NA,83,NA,NA,67,10,NA,NA,NA,NA,72,NA,NA,772,52,NA,NA,NA,NA,45,NA,NA,11,NA,569,NA,NA,167,626,NA,NA,10,13,133,NA,62,10,156,24,59,NA,NA,56,22,10,NA,NA,NA,NA,NA,NA,695,207,93,NA,NA,NA,424,666,511,68,NA,NA,341,NA,41,NA,22,NA,NA,NA,NA,11,NA,NA,NA,209,NA,13,435,NA,NA,NA,90,NA,NA,NA,159,105,157,NA,10,42,NA,172,NA,24,NA,NA,27,312,36,NA,NA,NA,NA,NA,183,NA,195,NA,89,38,12,83,NA,440,NA,50,109,NA,367,124,NA,NA,710,657,232,150,199,NA,123,NA,NA,NA,51,11,NA,NA,NA,NA,NA,190,NA,31,24,204,43,NA,10,NA,158,549,NA,NA,61,95,24,NA,12,45,244,320,NA,NA,115,537,NA,117,NA,172,NA,NA,NA,NA,101,389,106,10,NA,157,317,10,96,204,248,661,50,11,42,242,73,10,NA,105,NA,NA,259,194,84,31,265,NA,311,47,293,451,NA,NA,NA,56,164,228,70,30,12,55,270,275,91,10,220,NA,33,178,73,91,70,39,805,424,162,10,72,NA,NA,NA,121,453,24,NA,24,NA,56,10,NA,NA,107,NA,10,10,11,NA,151,NA,57,46,NA,NA,NA,NA,NA,NA,NA,NA,433,NA,NA,164,502,22,78,181,NA,22,NA,439,15,NA,NA,NA,223,21,309,45,895,NA,453,NA,124,NA,NA,NA,21,NA,NA,NA,NA,10,NA,NA,106,10,NA,271,NA,NA,100,34,463,40,NA,77,23,87,NA,NA,NA,697,182,11,NA,NA,39,NA,NA,NA,NA,NA,10,NA,11,247,NA,10,NA,NA,106,NA,795,NA,NA,NA,62,210,368,823,NA,NA,47,99,59,373,598,NA,331,230,270,165,95,NA,NA,NA,NA,NA,NA,NA,NA,150,158,NA,45,81,NA,20,NA,44,NA,NA,423,NA,NA,149,NA,44,NA,264,11,92,NA,NA,465,NA,261,NA,NA,NA,10,NA,72,NA,313,NA,NA,NA,NA,NA,NA,NA,10,170,187,NA,10,245,571,NA,21,33,NA,680,10,NA,NA,NA,337,182,NA,395,115,NA,228,25,36,96,445,144,56,27,11,NA,46,NA,NA,117,10,281,20,164,NA,218,467,241,719,11,166,10,NA,NA,48,167,NA,13,44,349,NA,261,NA,NA,126,34,32,259,NA,10,10,NA,10,532,NA,NA,22,86,NA,NA,NA,632,11,NA,NA,32,305,669,408,56,NA,44,347,NA,492,NA,NA,NA,602,356,NA,NA,253,98,153,68,NA,NA,NA,26,109,20,NA,11,223,10,22,NA,10,NA,34,NA,104,NA,35,NA,NA,44,NA,11,NA,NA,NA,10,254,74,NA,NA,NA,10,197,304,NA,104,36,10,189,NA,NA,10,NA,387,128,NA,81,NA,NA,10,20,NA,33,NA,NA,NA,NA,NA,NA,31,65,NA,NA,NA,30,300,152,26,10,21,NA,526,NA,NA,132,NA,107,NA,NA,NA,46,792,10,NA,NA,NA,NA,10,NA,442,NA,NA,NA,501,201,217,22,72,193,10,587,NA,33,NA,327,NA,21,NA,NA,NA,27,804,32,NA,NA,NA,196,389,NA,879,372,335,NA,NA,NA,NA,173,10,NA,10,31,1207,NA,NA,497,32,NA,NA,NA,NA,NA,NA,NA,20,NA,NA,NA,53,NA,NA,NA,150,NA,132,222,30,199,NA,NA,176,50,538,10,NA,NA,405,168,230,NA,NA,10,10,NA,NA,NA,382,56,625,70,NA,10,61,NA,94,42,509,NA,NA,NA,NA,148,NA,NA,302,483,NA,336,NA,380,82,664,NA,10,160,951,NA,212,NA,131,380,86,896,409,NA,13,127,572,10,NA,NA,257,NA,223,188,242,NA,NA,NA,NA,12,NA,176,352,116,11,13,NA,NA,131,NA,NA,21,387,351,NA,20,NA,NA,347,44,12,121,426,72,NA,NA,123,178,NA,21,12,90,NA,53,NA,NA,NA,NA,10,NA,21,158,10,NA,NA,NA,12,NA,NA,21,44,NA,449,NA,10
2005,NA,34,NA,NA,NA,NA,NA,108,21,56,21,35,10,NA,NA,10,NA,NA,NA,NA,191,NA,13,104,115,NA,12,NA,65,NA,NA,579,NA,NA,11,NA,NA,NA,17,373,NA,NA,NA,NA,NA,30,NA,NA,65,NA,NA,732,21,NA,579,NA,NA,NA,NA,692,10,NA,NA,NA,38,NA,27,NA,NA,10,NA,138,NA,NA,NA,92,NA,NA,122,10,NA,NA,284,415,110,61,NA,162,293,95,NA,25,10,NA,NA,11,34,NA,34,123,232,102,NA,114,NA,NA,674,34,NA,NA,61,66,NA,NA,508,NA,103,NA,NA,NA,11,NA,126,NA,174,NA,369,295,10,NA,NA,NA,NA,NA,NA,NA,NA,39,NA,306,NA,NA,32,11,NA,NA,12,184,NA,87,51,NA,NA,NA,NA,14,138,46,108,239,NA,976,NA,NA,NA,368,99,140,NA,628,77,NA,289,71,223,11,NA,406,NA,NA,156,NA,43,365,140,180,NA,NA,NA,NA,NA,77,NA,NA,NA,62,NA,10,31,94,138,NA,194,NA,54,81,NA,NA,NA,32,NA,441,65,NA,NA,NA,NA,11,NA,NA,NA,NA,NA,394,54,192,263,NA,12,12,NA,68,NA,NA,NA,NA,NA,85,NA,10,750,32,NA,NA,NA,NA,10,NA,NA,13,NA,521,NA,23,151,669,NA,30,NA,NA,169,NA,56,NA,98,10,33,NA,NA,23,38,22,NA,NA,NA,24,NA,NA,540,218,168,NA,NA,NA,486,612,479,83,10,NA,335,NA,22,NA,11,11,NA,NA,10,NA,NA,NA,NA,179,NA,20,428,NA,NA,NA,64,NA,NA,NA,220,195,144,NA,22,32,12,158,NA,20,NA,NA,22,285,13,NA,NA,NA,NA,NA,180,NA,204,NA,98,10,NA,20,NA,321,10,36,99,NA,333,54,NA,NA,687,662,194,171,121,NA,175,NA,11,NA,37,23,NA,NA,NA,NA,12,169,NA,32,48,241,10,NA,20,NA,156,502,NA,NA,70,33,57,NA,NA,44,209,367,NA,NA,156,534,NA,179,10,316,NA,NA,NA,NA,33,350,110,32,NA,163,361,24,44,160,209,748,53,NA,31,227,35,NA,NA,59,NA,NA,190,188,76,12,261,11,281,40,301,375,NA,NA,NA,47,173,190,23,50,NA,NA,206,274,112,10,187,NA,32,171,43,48,35,13,771,440,129,10,90,NA,10,NA,101,393,33,NA,34,NA,78,32,NA,NA,26,NA,12,NA,15,NA,115,NA,84,27,NA,NA,NA,NA,NA,NA,NA,NA,423,NA,NA,179,436,10,22,167,NA,25,NA,420,NA,NA,NA,NA,225,10,288,53,796,NA,438,NA,85,NA,NA,NA,NA,NA,11,NA,NA,NA,NA,NA,72,25,NA,336,NA,NA,91,54,596,126,NA,142,NA,119,NA,NA,NA,660,177,36,NA,NA,42,NA,22,NA,NA,NA,23,NA,10,182,12,54,NA,NA,83,NA,667,NA,NA,11,34,175,374,819,NA,NA,47,154,63,391,617,NA,312,177,189,154,123,NA,NA,NA,NA,NA,NA,NA,NA,106,122,NA,80,12,NA,32,NA,49,NA,NA,390,10,NA,120,NA,25,NA,227,NA,50,NA,NA,538,NA,204,NA,NA,NA,NA,NA,72,NA,215,NA,NA,NA,NA,NA,NA,NA,NA,146,240,NA,32,196,628,NA,NA,42,10,657,NA,NA,NA,10,416,93,10,363,43,NA,204,49,22,65,407,138,37,72,21,NA,79,NA,NA,147,NA,187,20,168,NA,220,399,263,776,11,165,20,NA,NA,82,178,NA,NA,32,324,NA,229,NA,NA,47,58,20,277,NA,53,NA,NA,NA,457,NA,NA,NA,170,NA,NA,NA,556,10,NA,NA,10,250,618,385,64,NA,58,325,47,440,NA,NA,NA,578,327,NA,24,262,52,211,33,NA,NA,NA,83,151,43,NA,10,249,41,10,NA,10,NA,11,NA,123,NA,32,NA,NA,74,NA,11,NA,NA,NA,NA,261,10,NA,NA,NA,NA,220,307,NA,116,61,NA,161,NA,NA,NA,NA,378,152,NA,106,NA,NA,NA,20,NA,11,NA,NA,NA,NA,39,NA,NA,22,NA,NA,NA,NA,293,186,35,10,22,NA,406,NA,NA,146,NA,99,NA,NA,NA,48,695,NA,22,NA,NA,10,NA,NA,374,NA,NA,NA,563,163,216,NA,33,146,NA,617,NA,22,NA,327,NA,10,NA,NA,NA,26,543,36,10,NA,NA,185,292,NA,749,449,371,NA,NA,NA,NA,175,13,NA,NA,NA,903,NA,NA,526,NA,NA,NA,NA,NA,NA,NA,NA,10,NA,NA,NA,100,NA,NA,NA,190,NA,149,247,24,221,NA,10,250,95,612,NA,NA,NA,381,169,179,NA,NA,NA,NA,10,NA,NA,336,70,631,103,NA,12,23,NA,61,81,584,NA,NA,NA,23,218,NA,NA,302,415,NA,399,21,362,33,800,NA,22,128,850,NA,231,NA,161,349,80,847,316,NA,NA,165,507,NA,NA,NA,204,NA,179,242,319,NA,NA,35,NA,22,NA,174,311,62,NA,NA,NA,72,142,NA,NA,NA,264,290,NA,33,NA,NA,347,67,NA,105,349,97,NA,NA,176,179,NA,11,10,59,NA,80,NA,NA,NA,NA,22,NA,55,127,22,10,NA,NA,11,NA,NA,23,53,10,435,NA,NA
2006,NA,20,NA,10,NA,NA,NA,140,10,51,NA,11,NA,NA,NA,12,11,NA,NA,32,201,NA,NA,66,66,NA,NA,NA,47,NA,NA,504,11,NA,NA,NA,NA,NA,33,340,NA,NA,NA,NA,NA,11,NA,10,34,NA,NA,717,41,NA,601,NA,NA,10,NA,603,10,NA,NA,NA,87,NA,20,NA,NA,20,NA,51,NA,NA,NA,166,NA,32,83,10,NA,NA,227,431,59,10,NA,199,226,81,NA,46,NA,NA,NA,NA,66,NA,47,127,211,129,NA,78,NA,21,609,21,NA,NA,42,25,NA,NA,520,NA,98,NA,NA,NA,NA,NA,73,NA,128,NA,355,255,22,22,NA,NA,NA,NA,NA,NA,NA,NA,63,283,NA,10,33,NA,NA,NA,NA,177,NA,72,71,NA,NA,10,NA,10,83,61,124,256,NA,919,NA,NA,23,343,81,180,11,545,43,NA,259,36,202,32,NA,372,NA,NA,140,NA,50,371,109,127,NA,NA,NA,NA,NA,58,NA,NA,NA,42,NA,NA,39,15,95,NA,176,NA,57,49,NA,NA,NA,NA,NA,376,67,NA,NA,NA,NA,32,NA,30,NA,11,NA,375,71,190,278,NA,23,20,NA,77,NA,NA,NA,NA,NA,60,NA,NA,664,NA,NA,NA,10,NA,NA,NA,NA,NA,NA,525,NA,NA,127,628,NA,28,NA,NA,233,NA,82,NA,138,NA,11,10,NA,NA,118,58,NA,NA,NA,34,10,NA,575,216,135,35,103,NA,568,637,417,207,62,NA,384,NA,11,NA,24,NA,NA,NA,NA,NA,NA,NA,NA,170,NA,33,405,NA,NA,NA,87,NA,NA,NA,215,207,102,NA,32,36,33,156,NA,20,11,NA,10,280,10,NA,NA,NA,NA,NA,215,NA,243,NA,73,NA,10,57,NA,293,NA,33,88,NA,339,47,NA,NA,604,586,254,167,140,NA,176,NA,30,NA,36,21,NA,NA,NA,NA,13,146,NA,11,NA,218,46,NA,35,NA,188,503,NA,NA,33,54,10,NA,NA,23,145,434,NA,NA,124,460,NA,121,NA,453,11,NA,NA,NA,34,360,86,65,12,104,353,NA,47,113,215,780,NA,NA,59,167,56,NA,NA,61,NA,NA,209,190,83,21,279,10,264,23,251,351,NA,NA,NA,81,143,188,NA,69,10,10,152,255,72,NA,104,NA,77,187,55,13,13,23,737,474,187,NA,129,NA,NA,NA,129,339,35,NA,25,NA,73,12,NA,NA,105,NA,NA,NA,35,NA,127,10,25,37,34,NA,NA,NA,NA,NA,NA,NA,304,22,NA,148,316,NA,10,84,10,75,NA,428,79,NA,NA,NA,172,22,297,22,836,NA,460,NA,56,NA,NA,NA,NA,13,20,NA,NA,NA,11,NA,85,10,NA,359,NA,NA,73,25,643,107,NA,160,NA,209,NA,21,NA,694,187,10,NA,NA,70,NA,59,NA,NA,NA,46,NA,36,203,10,50,NA,NA,48,NA,631,NA,NA,NA,70,169,473,746,NA,NA,21,133,34,392,594,NA,364,152,191,141,176,NA,NA,NA,NA,NA,NA,NA,NA,64,66,NA,22,22,NA,NA,NA,178,NA,NA,377,NA,NA,74,NA,10,NA,219,NA,65,NA,NA,468,NA,203,NA,NA,NA,10,NA,53,NA,225,NA,NA,NA,NA,NA,NA,NA,10,147,278,NA,NA,253,472,10,NA,60,NA,602,10,NA,NA,NA,374,108,10,321,NA,NA,160,72,10,31,374,120,140,34,NA,NA,65,NA,10,97,NA,161,NA,127,NA,263,369,260,821,NA,233,NA,NA,NA,98,193,NA,10,NA,324,NA,233,NA,NA,60,47,12,299,11,NA,NA,NA,NA,442,21,NA,NA,145,NA,NA,NA,498,NA,NA,NA,10,247,513,361,NA,NA,10,338,10,365,NA,NA,NA,553,318,NA,45,275,59,215,33,NA,NA,NA,32,124,22,NA,86,242,NA,NA,NA,33,NA,NA,NA,98,NA,NA,NA,NA,10,NA,11,NA,NA,NA,NA,254,20,NA,NA,NA,NA,212,277,NA,159,21,NA,182,NA,NA,42,NA,323,102,NA,10,NA,47,NA,NA,NA,23,NA,NA,NA,NA,122,NA,20,21,NA,NA,NA,NA,288,222,41,NA,10,NA,358,NA,NA,109,NA,75,NA,NA,NA,23,589,NA,36,NA,NA,NA,NA,NA,318,NA,NA,NA,512,167,218,22,14,86,11,678,NA,10,NA,381,NA,NA,NA,NA,10,10,644,10,33,NA,NA,171,277,NA,727,486,397,NA,NA,NA,NA,86,10,NA,NA,10,947,NA,NA,528,11,NA,NA,NA,NA,NA,NA,NA,NA,NA,NA,NA,68,10,NA,NA,130,NA,184,245,10,146,11,12,308,115,786,NA,NA,NA,349,150,154,NA,NA,NA,NA,20,NA,NA,297,10,661,73,NA,NA,101,NA,78,94,683,NA,NA,NA,10,192,NA,NA,426,421,NA,338,NA,355,54,806,NA,NA,129,847,NA,265,NA,136,405,105,818,342,NA,NA,147,500,NA,NA,10,220,NA,205,211,353,NA,NA,63,NA,20,NA,192,280,25,NA,NA,NA,83,128,NA,NA,NA,238,280,NA,41,NA,NA,363,23,NA,172,257,60,NA,NA,161,233,NA,12,11,48,NA,36,10,NA,NA,NA,NA,NA,NA,173,13,NA,NA,NA,13,NA,NA,43,NA,10,376,NA,NA
2007,NA,62,NA,31,NA,NA,NA,185,NA,38,NA,30,NA,NA,10,20,NA,NA,NA,40,170,NA,NA,78,57,NA,NA,NA,40,NA,NA,444,NA,NA,NA,NA,NA,NA,13,331,NA,NA,NA,NA,NA,36,NA,NA,31,NA,NA,652,NA,NA,527,NA,NA,NA,NA,494,NA,NA,NA,NA,111,NA,NA,NA,NA,22,NA,43,NA,NA,NA,156,NA,NA,62,22,11,NA,204,332,77,12,13,218,267,105,NA,34,NA,NA,NA,22,11,NA,42,100,193,147,NA,37,NA,NA,610,34,NA,NA,47,48,NA,NA,457,NA,94,NA,26,NA,NA,NA,54,NA,93,NA,367,231,22,11,NA,NA,NA,NA,NA,NA,NA,NA,10,305,NA,10,NA,NA,NA,NA,NA,144,NA,86,87,NA,NA,NA,NA,NA,73,34,91,253,NA,840,NA,NA,20,344,23,168,NA,513,11,NA,277,21,185,37,NA,388,NA,NA,166,NA,41,330,36,91,NA,NA,NA,NA,NA,79,NA,NA,NA,68,NA,NA,49,20,82,NA,149,NA,10,24,NA,NA,NA,20,NA,401,86,NA,NA,NA,NA,20,NA,20,NA,10,NA,347,98,160,241,NA,20,10,NA,68,NA,NA,NA,NA,NA,58,NA,NA,651,NA,NA,11,NA,NA,10,NA,NA,NA,NA,514,NA,NA,125,610,NA,25,NA,NA,297,10,144,NA,162,NA,30,NA,NA,10,51,39,22,NA,NA,124,11,NA,507,256,213,51,54,10,586,599,396,124,53,NA,375,NA,NA,NA,11,NA,NA,NA,NA,NA,NA,NA,NA,161,NA,54,439,NA,NA,NA,40,NA,NA,10,203,194,103,NA,NA,63,39,199,NA,10,NA,NA,12,246,10,NA,NA,NA,NA,NA,251,NA,268,NA,91,20,NA,48,NA,306,NA,14,122,10,346,10,11,NA,571,536,207,211,130,NA,166,NA,11,NA,NA,NA,NA,NA,NA,NA,75,147,NA,12,NA,166,NA,NA,48,NA,152,451,NA,NA,12,60,NA,NA,12,22,111,490,NA,NA,140,451,NA,95,10,630,NA,NA,NA,NA,11,293,39,100,23,68,347,36,76,85,201,772,10,NA,48,219,83,NA,NA,75,NA,NA,187,121,70,22,241,21,210,53,256,348,NA,NA,NA,43,163,134,24,31,NA,NA,147,248,54,NA,129,NA,61,176,61,NA,13,12,813,459,197,10,61,NA,NA,NA,145,398,13,NA,11,NA,60,11,NA,NA,82,NA,NA,NA,32,NA,101,NA,21,11,199,NA,NA,NA,NA,NA,12,NA,284,24,11,171,289,NA,NA,51,NA,11,NA,399,134,20,11,NA,201,NA,248,24,687,NA,416,NA,41,NA,NA,NA,NA,NA,59,NA,NA,NA,10,NA,67,NA,NA,391,NA,NA,133,12,679,145,NA,193,NA,159,NA,32,NA,610,191,NA,NA,NA,81,NA,32,NA,NA,NA,23,NA,47,254,24,34,NA,NA,92,NA,723,NA,NA,NA,82,171,416,765,NA,NA,50,101,22,404,582,NA,441,166,153,153,145,NA,NA,NA,NA,NA,NA,NA,NA,66,57,NA,154,NA,NA,20,NA,97,NA,NA,343,NA,NA,10,NA,NA,NA,217,NA,105,NA,NA,398,NA,138,NA,NA,NA,NA,NA,39,NA,180,NA,NA,NA,NA,10,NA,NA,NA,117,260,NA,NA,227,515,NA,NA,42,NA,504,13,NA,NA,NA,393,72,20,267,21,NA,124,74,10,21,276,46,37,28,NA,NA,72,NA,10,92,NA,122,NA,202,10,289,331,252,769,NA,209,NA,NA,NA,49,153,NA,NA,NA,308,NA,232,NA,NA,10,75,10,238,20,42,NA,NA,NA,406,NA,NA,10,175,NA,23,10,459,NA,NA,NA,NA,228,464,337,NA,NA,23,310,10,400,NA,NA,NA,564,407,NA,35,285,94,208,49,NA,NA,NA,102,131,22,NA,144,251,NA,NA,NA,34,NA,NA,NA,111,NA,NA,NA,NA,NA,NA,NA,NA,NA,NA,NA,241,12,NA,NA,NA,NA,163,267,NA,147,47,NA,126,NA,NA,22,NA,307,153,NA,NA,NA,23,NA,NA,NA,NA,NA,10,NA,NA,214,NA,NA,12,NA,NA,NA,NA,262,185,10,NA,10,NA,315,NA,NA,95,NA,94,NA,NA,NA,10,537,12,11,NA,NA,10,10,NA,271,NA,NA,NA,464,183,262,NA,39,22,NA,824,NA,21,NA,370,NA,NA,NA,NA,NA,20,541,10,24,NA,NA,179,247,NA,731,507,373,NA,NA,NA,NA,129,NA,NA,NA,10,906,NA,NA,457,NA,12,NA,NA,NA,NA,21,NA,NA,NA,NA,NA,111,NA,NA,NA,141,NA,138,221,NA,126,NA,11,272,110,693,NA,NA,NA,354,142,92,NA,NA,NA,NA,NA,NA,NA,259,13,719,59,NA,NA,90,NA,27,100,672,NA,NA,NA,NA,176,NA,NA,416,411,10,392,NA,380,80,754,NA,10,98,798,NA,275,NA,111,403,81,855,314,NA,NA,161,462,NA,NA,NA,231,11,152,183,374,NA,NA,97,NA,20,NA,191,252,24,NA,23,NA,195,73,NA,NA,NA,192,268,NA,12,20,NA,324,10,NA,91,112,33,NA,NA,120,267,NA,NA,NA,105,NA,20,NA,NA,NA,NA,NA,NA,NA,103,11,10,NA,NA,22,NA,NA,37,25,NA,371,NA,NA
2008,NA,65,NA,92,NA,NA,NA,253,22,49,NA,NA,NA,NA,NA,NA,NA,NA,NA,35,179,NA,NA,22,137,NA,NA,NA,65,NA,NA,481,NA,NA,NA,NA,NA,35,58,431,NA,NA,NA,NA,NA,23,NA,NA,13,NA,NA,659,12,NA,570,NA,NA,NA,NA,491,11,NA,NA,NA,84,NA,NA,NA,NA,49,NA,22,NA,NA,NA,134,NA,10,65,NA,NA,NA,223,329,21,30,11,253,244,146,NA,21,NA,NA,NA,NA,28,NA,31,85,189,154,NA,79,NA,30,605,13,NA,NA,51,97,NA,NA,431,NA,88,NA,NA,NA,NA,NA,88,NA,31,NA,341,234,10,NA,NA,NA,NA,10,NA,NA,NA,NA,NA,287,25,NA,21,NA,NA,NA,20,138,NA,38,58,NA,NA,NA,NA,10,119,34,87,229,NA,930,NA,NA,NA,341,48,225,NA,543,38,10,234,42,163,22,NA,364,NA,NA,260,NA,52,317,54,54,NA,NA,NA,NA,10,92,NA,NA,NA,46,NA,NA,30,43,129,NA,160,NA,14,30,NA,NA,NA,22,NA,432,158,10,NA,NA,NA,37,NA,25,NA,162,NA,376,88,141,234,NA,33,33,NA,46,NA,NA,NA,NA,NA,86,NA,NA,693,NA,10,NA,NA,NA,NA,NA,10,NA,NA,471,NA,NA,108,628,NA,23,NA,NA,321,10,170,NA,113,NA,43,10,NA,13,154,75,90,NA,NA,190,23,NA,453,289,246,67,161,11,680,535,359,136,34,NA,383,NA,NA,NA,51,10,NA,11,NA,NA,NA,NA,NA,166,NA,57,483,NA,NA,NA,85,NA,NA,NA,229,204,133,NA,13,35,55,191,NA,NA,NA,NA,43,255,NA,NA,NA,NA,NA,NA,249,NA,290,NA,49,62,NA,77,NA,300,NA,NA,84,11,323,NA,NA,NA,508,547,240,181,139,NA,171,NA,25,NA,20,10,NA,NA,NA,NA,86,123,NA,11,NA,200,NA,NA,30,10,108,481,NA,NA,72,39,NA,NA,NA,61,122,525,NA,NA,170,405,NA,66,21,808,NA,NA,23,NA,20,319,48,82,11,111,346,64,12,51,189,775,21,NA,32,212,36,NA,NA,48,NA,NA,158,79,87,11,262,NA,230,11,233,303,NA,NA,NA,53,164,148,21,NA,NA,24,158,230,85,NA,91,NA,62,196,33,15,22,34,835,470,191,NA,117,NA,NA,NA,291,407,43,NA,35,NA,141,10,NA,NA,142,NA,10,NA,30,12,90,NA,31,31,343,NA,NA,NA,NA,NA,35,NA,261,79,12,156,240,NA,NA,81,NA,NA,NA,420,165,108,43,NA,154,12,268,20,747,NA,405,NA,45,NA,NA,NA,NA,NA,57,NA,NA,NA,NA,NA,69,10,12,526,NA,NA,223,NA,723,110,NA,195,NA,173,10,49,NA,562,144,20,NA,NA,138,NA,101,NA,NA,NA,21,NA,35,232,NA,120,NA,NA,46,NA,647,NA,NA,NA,54,180,407,712,NA,NA,35,131,49,354,612,NA,470,156,172,162,123,NA,NA,NA,NA,NA,12,NA,NA,26,10,NA,105,NA,NA,NA,NA,55,NA,NA,338,NA,NA,11,NA,NA,NA,206,NA,49,NA,NA,375,NA,178,NA,NA,NA,NA,NA,64,NA,135,NA,NA,NA,NA,NA,NA,NA,NA,161,266,11,11,235,552,NA,NA,54,NA,515,13,NA,NA,NA,392,23,NA,258,20,NA,146,28,10,10,224,25,57,10,NA,NA,63,NA,11,21,NA,75,NA,171,NA,265,335,309,725,12,227,11,NA,NA,10,196,NA,NA,NA,331,NA,231,NA,NA,85,121,NA,212,NA,NA,10,NA,NA,404,22,NA,10,209,NA,NA,31,517,NA,NA,NA,10,277,449,301,13,12,NA,416,NA,432,11,12,NA,549,453,NA,22,315,105,229,75,NA,11,45,116,58,NA,12,149,251,10,NA,NA,33,NA,NA,NA,111,NA,NA,NA,NA,NA,NA,NA,NA,NA,NA,NA,256,NA,NA,NA,NA,10,172,272,NA,194,55,NA,73,NA,NA,77,NA,328,109,NA,NA,NA,30,24,NA,NA,NA,NA,NA,NA,10,199,NA,11,NA,NA,NA,NA,NA,250,226,NA,NA,NA,NA,272,NA,NA,117,NA,175,NA,NA,NA,30,469,NA,10,NA,NA,NA,NA,NA,293,NA,NA,NA,463,164,258,90,35,55,NA,752,11,11,NA,410,31,NA,NA,NA,10,31,624,NA,64,NA,NA,167,249,NA,705,538,366,NA,NA,NA,NA,143,12,NA,NA,11,858,21,NA,401,12,NA,NA,NA,43,NA,37,NA,NA,NA,NA,10,184,12,NA,NA,140,11,165,239,NA,75,NA,54,358,91,817,15,NA,NA,348,160,85,NA,NA,NA,NA,NA,NA,NA,226,10,676,89,NA,NA,109,NA,50,160,658,NA,NA,10,10,157,NA,NA,486,389,NA,404,10,394,92,790,NA,10,68,798,NA,295,11,67,416,100,849,334,NA,NA,171,424,NA,NA,NA,248,NA,151,143,418,NA,NA,109,NA,70,NA,199,259,27,NA,53,NA,206,65,NA,NA,NA,155,188,NA,57,NA,NA,360,NA,NA,68,84,73,31,NA,118,230,NA,10,NA,39,NA,11,NA,NA,24,NA,NA,NA,10,74,12,NA,NA,NA,NA,NA,NA,36,64,12,418,NA,NA
2009,NA,55,NA,81,NA,NA,NA,279,NA,35,NA,22,NA,NA,21,23,NA,NA,NA,70,207,NA,NA,33,35,NA,NA,NA,68,NA,NA,470,NA,NA,22,NA,NA,21,66,402,NA,NA,NA,NA,NA,20,NA,NA,45,NA,NA,613,10,NA,533,NA,NA,NA,10,450,10,NA,NA,NA,58,NA,10,NA,NA,21,NA,39,NA,NA,NA,138,NA,NA,33,NA,NA,NA,215,306,20,103,11,260,219,196,NA,46,NA,NA,NA,14,10,NA,12,76,248,165,NA,79,NA,NA,654,NA,NA,NA,68,23,NA,NA,462,NA,82,NA,NA,NA,NA,10,27,NA,49,NA,340,213,22,33,NA,NA,NA,62,NA,NA,NA,NA,12,268,NA,NA,NA,10,NA,NA,22,166,NA,11,35,NA,NA,NA,NA,10,82,23,81,209,NA,916,NA,NA,23,254,65,282,10,444,NA,NA,188,30,143,12,NA,352,NA,NA,235,NA,36,286,10,44,NA,NA,NA,30,NA,101,11,NA,NA,20,NA,NA,33,NA,125,NA,135,NA,13,10,NA,22,10,NA,NA,364,165,22,NA,NA,NA,33,NA,15,NA,258,NA,336,64,101,298,NA,38,88,NA,61,NA,NA,NA,NA,11,159,NA,NA,798,NA,NA,NA,NA,NA,NA,NA,NA,NA,NA,534,NA,NA,32,602,10,26,NA,NA,388,12,194,12,150,32,33,NA,NA,10,177,134,48,10,10,252,10,NA,492,292,244,88,182,32,686,536,360,73,27,NA,348,NA,NA,NA,14,10,NA,NA,NA,NA,NA,NA,NA,161,NA,36,453,NA,NA,NA,56,NA,NA,NA,270,180,49,NA,NA,38,62,192,NA,NA,NA,NA,21,213,13,NA,NA,NA,NA,NA,236,NA,341,NA,12,71,NA,NA,NA,302,NA,10,97,21,314,10,NA,NA,409,511,238,226,168,NA,179,NA,11,NA,NA,NA,NA,NA,NA,NA,111,123,NA,11,NA,185,20,NA,10,NA,71,441,NA,NA,28,99,NA,NA,10,21,44,501,10,NA,205,378,NA,44,11,783,NA,NA,35,NA,NA,301,33,150,20,60,346,23,11,34,155,712,NA,NA,35,225,149,10,NA,66,NA,NA,213,43,40,25,295,NA,199,12,241,310,NA,NA,NA,NA,165,110,NA,NA,NA,NA,113,205,77,NA,97,NA,28,214,33,NA,NA,10,836,572,213,10,136,NA,NA,NA,332,349,24,12,NA,NA,121,NA,NA,NA,119,NA,NA,NA,NA,NA,115,NA,76,NA,230,NA,NA,NA,NA,NA,NA,NA,199,10,21,152,184,NA,NA,33,NA,27,NA,393,120,149,31,NA,162,10,266,NA,745,10,338,21,61,12,NA,NA,10,NA,119,10,NA,NA,NA,NA,60,NA,NA,634,12,NA,258,10,702,104,NA,254,10,171,NA,40,NA,626,161,32,10,NA,182,23,137,10,10,NA,NA,NA,90,225,13,91,NA,NA,35,NA,668,26,NA,NA,21,127,417,840,NA,10,65,157,33,372,646,NA,480,90,150,155,158,NA,NA,NA,NA,NA,20,NA,NA,NA,NA,NA,121,NA,NA,NA,NA,83,NA,NA,355,NA,NA,NA,NA,NA,NA,159,NA,74,NA,NA,342,NA,143,NA,NA,NA,NA,NA,10,NA,64,NA,NA,NA,NA,10,10,NA,NA,136,302,NA,10,208,478,NA,NA,92,NA,501,10,NA,NA,38,489,51,NA,224,NA,NA,98,85,NA,10,240,25,47,10,NA,NA,24,NA,10,23,NA,129,NA,213,NA,219,247,311,749,32,233,14,NA,NA,68,202,NA,NA,NA,342,NA,268,NA,NA,82,68,12,183,NA,10,23,NA,NA,410,NA,NA,NA,195,NA,NA,NA,481,NA,NA,NA,21,258,390,294,10,NA,NA,394,25,409,NA,10,NA,564,529,NA,NA,330,67,213,126,NA,64,67,78,94,NA,NA,176,257,NA,NA,NA,84,NA,NA,NA,80,NA,NA,NA,NA,NA,NA,NA,NA,NA,NA,NA,313,10,NA,NA,NA,35,198,271,NA,239,65,NA,138,10,NA,94,10,280,147,NA,NA,NA,31,22,NA,NA,NA,NA,NA,NA,NA,256,NA,NA,NA,NA,NA,NA,NA,240,181,12,NA,NA,NA,222,NA,NA,56,NA,455,NA,NA,NA,NA,540,NA,NA,NA,NA,NA,NA,NA,292,NA,NA,NA,493,189,253,79,43,35,NA,819,NA,10,NA,354,140,NA,NA,NA,21,NA,512,NA,23,NA,NA,209,218,NA,642,534,427,NA,NA,NA,NA,135,NA,NA,NA,21,883,23,14,333,NA,14,10,NA,10,NA,NA,NA,NA,NA,NA,NA,220,12,NA,NA,112,NA,97,234,10,77,NA,68,315,143,784,10,NA,NA,365,180,47,NA,NA,NA,12,NA,NA,NA,293,NA,667,52,NA,NA,124,NA,11,138,636,NA,NA,NA,NA,125,NA,NA,550,376,NA,487,10,416,125,706,NA,11,96,775,NA,316,10,85,395,67,764,314,NA,NA,206,425,NA,NA,NA,210,11,165,135,368,NA,NA,122,NA,56,10,187,280,22,22,NA,NA,207,51,NA,NA,NA,168,202,NA,NA,NA,NA,344,NA,NA,23,70,25,11,NA,60,266,NA,11,NA,100,NA,10,NA,NA,115,NA,NA,NA,NA,10,33,NA,NA,NA,21,NA,NA,13,56,NA,422,17,NA
2010,NA,71,NA,62,NA,NA,NA,266,NA,10,NA,NA,NA,NA,31,13,11,NA,NA,78,207,NA,NA,24,63,NA,NA,NA,65,NA,NA,353,NA,45,11,NA,NA,65,99,392,NA,NA,NA,NA,NA,NA,NA,NA,10,NA,NA,591,NA,NA,478,12,NA,NA,NA,401,NA,NA,NA,NA,60,NA,NA,NA,NA,12,NA,21,NA,NA,NA,146,10,NA,20,10,NA,NA,177,291,22,69,22,279,206,152,NA,22,NA,NA,NA,NA,22,NA,NA,32,270,227,NA,79,NA,NA,628,NA,NA,NA,39,NA,NA,NA,373,10,32,NA,NA,NA,NA,NA,11,NA,23,NA,332,208,32,134,NA,NA,NA,54,NA,NA,NA,NA,NA,299,NA,11,NA,NA,NA,NA,14,155,NA,22,10,NA,NA,NA,NA,12,47,67,41,180,NA,820,NA,NA,NA,278,NA,233,NA,455,11,NA,194,33,92,10,11,377,NA,NA,353,NA,24,275,NA,10,NA,NA,NA,NA,NA,142,107,NA,NA,NA,NA,NA,48,NA,35,NA,99,NA,10,11,NA,21,NA,NA,20,321,169,NA,NA,11,NA,82,11,65,NA,421,10,363,132,121,269,NA,21,26,NA,99,NA,NA,NA,NA,NA,162,NA,NA,719,NA,NA,NA,NA,NA,NA,NA,NA,NA,NA,576,NA,NA,31,670,NA,25,NA,NA,374,56,186,NA,178,12,11,10,NA,20,255,123,126,NA,NA,296,12,11,426,309,257,126,235,15,629,573,382,24,86,11,382,NA,NA,NA,67,NA,NA,NA,NA,NA,NA,NA,NA,127,NA,55,476,NA,NA,10,54,NA,NA,NA,259,202,32,35,NA,24,126,201,NA,NA,NA,NA,10,221,NA,NA,NA,NA,NA,NA,259,NA,332,10,72,20,NA,11,NA,258,NA,NA,125,13,226,NA,NA,NA,414,590,249,229,207,31,204,NA,NA,NA,NA,10,NA,NA,NA,NA,137,162,NA,21,NA,157,11,NA,10,NA,97,401,NA,NA,52,74,10,NA,NA,50,12,470,NA,10,176,388,NA,53,10,738,NA,11,44,NA,NA,279,35,125,NA,60,346,32,46,NA,136,688,NA,NA,31,187,108,NA,NA,119,NA,10,192,10,89,NA,336,NA,151,11,195,306,NA,24,NA,53,182,105,NA,NA,NA,NA,35,229,66,NA,102,NA,35,251,28,NA,NA,NA,822,573,237,NA,124,NA,NA,NA,286,318,59,NA,NA,NA,100,NA,NA,NA,48,NA,NA,NA,22,36,141,NA,38,35,338,NA,NA,NA,NA,NA,37,NA,150,57,NA,131,135,NA,NA,11,NA,NA,NA,350,178,133,56,NA,52,56,222,NA,651,NA,309,111,48,NA,NA,NA,13,NA,143,11,NA,NA,NA,NA,64,NA,NA,727,NA,NA,443,22,645,123,42,254,NA,156,NA,41,11,661,123,131,NA,NA,241,109,204,22,31,NA,160,NA,56,311,NA,87,NA,NA,26,NA,681,NA,NA,NA,66,147,428,839,NA,NA,10,126,21,375,697,NA,557,64,178,82,163,NA,NA,NA,NA,NA,45,13,NA,NA,NA,NA,98,NA,NA,NA,NA,42,NA,NA,304,NA,NA,NA,NA,NA,NA,137,NA,25,NA,NA,262,NA,86,NA,NA,NA,NA,NA,30,NA,33,NA,NA,NA,NA,20,NA,NA,NA,111,338,NA,10,136,470,NA,NA,52,NA,488,11,NA,NA,12,520,15,NA,180,NA,NA,58,124,10,NA,211,12,95,NA,22,NA,22,21,10,63,NA,56,NA,149,NA,201,247,337,827,10,259,21,NA,NA,13,200,NA,NA,NA,310,NA,241,NA,NA,111,74,13,173,NA,11,NA,NA,NA,402,NA,NA,NA,156,NA,11,NA,395,NA,NA,NA,NA,271,362,288,11,NA,10,296,NA,369,NA,NA,23,609,476,NA,35,377,149,227,108,NA,126,57,167,41,NA,NA,275,309,NA,11,NA,46,NA,NA,NA,146,NA,NA,NA,NA,NA,NA,NA,NA,NA,NA,NA,308,NA,NA,NA,NA,NA,153,254,NA,245,84,NA,213,NA,NA,155,NA,257,167,NA,NA,NA,11,30,NA,NA,NA,NA,NA,NA,NA,274,NA,NA,NA,NA,NA,NA,NA,227,137,NA,NA,NA,NA,178,NA,NA,23,NA,429,NA,NA,NA,NA,549,10,NA,NA,NA,NA,NA,NA,261,NA,NA,20,508,142,268,NA,58,NA,NA,666,NA,NA,NA,379,234,NA,NA,NA,NA,NA,499,NA,56,NA,NA,219,189,NA,618,523,427,NA,NA,NA,NA,72,25,NA,NA,NA,869,NA,NA,299,NA,55,59,NA,25,NA,11,NA,NA,NA,NA,NA,302,22,NA,NA,137,10,127,241,NA,57,NA,117,308,130,800,NA,NA,22,395,181,22,NA,NA,NA,10,NA,NA,NA,249,NA,690,NA,NA,NA,127,NA,NA,171,495,NA,NA,NA,NA,83,NA,NA,556,352,NA,421,10,332,107,697,NA,10,87,714,NA,288,NA,85,419,77,731,280,NA,NA,170,358,NA,NA,NA,171,NA,181,97,352,11,NA,157,12,69,NA,186,291,24,NA,NA,NA,220,35,NA,NA,NA,197,211,NA,NA,NA,NA,330,NA,10,48,56,42,70,10,21,270,NA,31,10,33,11,NA,NA,NA,188,NA,NA,NA,11,10,15,NA,NA,NA,47,NA,NA,11,20,10,418,10,11
2011,NA,32,NA,121,NA,NA,NA,355,NA,13,NA,NA,NA,NA,84,10,NA,NA,NA,55,200,NA,NA,66,13,NA,NA,NA,11,NA,NA,338,10,40,21,10,NA,62,78,348,10,NA,NA,NA,NA,10,NA,NA,10,NA,NA,595,NA,10,431,NA,NA,NA,NA,333,NA,NA,NA,NA,NA,NA,12,NA,NA,27,10,49,NA,NA,NA,112,NA,NA,57,20,NA,NA,153,243,20,24,42,401,214,187,NA,NA,NA,NA,NA,NA,10,NA,NA,23,231,229,NA,94,NA,12,639,NA,NA,NA,74,NA,NA,NA,324,NA,40,NA,NA,NA,NA,NA,24,NA,32,NA,313,216,NA,106,NA,NA,NA,10,NA,NA,NA,NA,NA,320,10,NA,NA,NA,NA,NA,64,58,NA,57,47,NA,NA,NA,NA,21,71,22,82,196,NA,875,NA,NA,NA,258,24,230,NA,488,NA,NA,134,NA,79,10,NA,348,NA,NA,443,NA,NA,156,NA,10,NA,NA,NA,NA,NA,87,237,NA,NA,NA,NA,NA,10,11,46,NA,102,NA,NA,NA,NA,22,NA,NA,31,318,133,37,NA,NA,10,96,11,92,NA,426,NA,315,138,111,306,30,10,95,NA,122,NA,NA,12,NA,NA,193,74,NA,731,NA,NA,NA,NA,NA,NA,NA,10,NA,NA,512,NA,NA,33,616,11,11,NA,NA,425,NA,200,11,178,NA,11,NA,NA,NA,278,127,172,NA,NA,336,10,14,432,343,251,122,197,21,676,560,296,12,90,NA,374,NA,NA,NA,NA,NA,NA,NA,NA,NA,NA,NA,NA,117,NA,NA,479,NA,NA,NA,54,NA,NA,NA,300,161,10,45,10,20,122,193,NA,NA,NA,NA,10,204,NA,NA,NA,NA,NA,NA,248,NA,362,NA,52,49,NA,NA,NA,187,NA,NA,47,55,176,NA,NA,NA,352,630,237,228,110,NA,187,NA,10,NA,12,NA,NA,NA,NA,NA,156,123,NA,NA,NA,154,10,23,NA,34,86,431,NA,NA,61,45,10,NA,NA,37,21,480,NA,NA,193,339,NA,100,NA,715,NA,11,15,NA,NA,230,10,129,NA,55,361,NA,NA,NA,119,678,NA,NA,10,229,108,NA,32,111,NA,10,175,11,118,NA,293,NA,187,NA,202,283,NA,62,NA,35,174,23,NA,NA,NA,NA,21,195,10,NA,76,NA,48,226,23,NA,NA,10,747,605,229,46,129,NA,NA,NA,243,289,32,NA,NA,NA,50,10,NA,NA,46,NA,NA,NA,14,45,79,NA,32,32,208,NA,NA,NA,NA,NA,NA,NA,122,66,33,175,90,NA,NA,21,NA,10,NA,324,162,79,24,NA,74,282,241,NA,653,NA,265,122,98,NA,NA,NA,NA,NA,206,26,NA,NA,NA,11,20,NA,NA,747,10,10,535,NA,623,99,45,280,NA,180,NA,NA,10,626,85,222,NA,NA,281,73,250,35,129,NA,205,NA,45,226,NA,134,NA,NA,73,21,636,NA,NA,NA,74,164,378,710,NA,NA,23,93,NA,322,747,NA,495,21,107,21,114,NA,10,NA,NA,NA,23,NA,NA,NA,NA,NA,76,NA,NA,NA,NA,32,NA,NA,279,NA,NA,NA,NA,NA,NA,120,NA,31,NA,NA,199,NA,50,NA,NA,NA,NA,NA,22,NA,24,NA,NA,NA,NA,NA,NA,21,NA,27,351,NA,24,143,435,NA,NA,38,NA,475,54,NA,NA,21,553,54,13,172,NA,NA,11,93,NA,NA,167,20,85,NA,NA,NA,22,14,20,22,NA,34,NA,191,NA,157,195,401,779,10,284,NA,NA,NA,10,182,NA,NA,NA,287,NA,241,NA,10,91,84,NA,173,NA,NA,NA,NA,NA,359,NA,NA,NA,214,NA,NA,NA,365,NA,NA,NA,NA,219,331,258,NA,NA,NA,269,NA,332,NA,NA,35,489,479,NA,NA,422,91,241,143,NA,137,36,190,46,NA,NA,333,299,NA,NA,NA,64,NA,NA,NA,169,NA,NA,NA,NA,NA,NA,NA,NA,NA,NA,NA,334,NA,NA,NA,10,10,147,228,NA,249,25,NA,191,20,NA,185,NA,242,120,NA,NA,NA,59,43,NA,NA,NA,NA,NA,NA,23,252,NA,NA,NA,NA,NA,NA,NA,194,66,NA,NA,NA,NA,143,NA,NA,53,NA,332,NA,NA,NA,NA,386,NA,NA,NA,NA,NA,NA,NA,252,NA,NA,NA,473,138,218,NA,50,10,NA,666,NA,NA,NA,352,628,NA,NA,NA,NA,NA,523,NA,34,NA,NA,168,107,NA,540,573,473,NA,NA,NA,NA,126,NA,NA,NA,NA,861,NA,65,283,NA,53,108,NA,49,NA,NA,NA,NA,NA,NA,NA,401,11,NA,NA,149,NA,71,186,NA,123,NA,134,274,195,708,NA,NA,NA,317,171,20,NA,NA,NA,34,10,NA,NA,195,10,684,11,NA,NA,118,NA,NA,176,483,NA,NA,NA,NA,40,NA,NA,524,268,NA,425,NA,296,105,666,NA,32,43,686,NA,308,NA,57,383,70,670,273,NA,NA,219,335,NA,NA,NA,87,NA,126,61,373,NA,NA,135,NA,43,NA,206,270,26,11,NA,10,220,11,NA,NA,NA,82,143,10,NA,NA,NA,277,NA,NA,72,25,NA,146,NA,NA,276,NA,21,NA,35,NA,NA,NA,NA,168,11,NA,NA,NA,NA,22,NA,10,NA,44,NA,NA,11,24,NA,429,NA,11
2012,NA,54,NA,142,NA,NA,NA,385,NA,11,NA,12,NA,22,129,24,NA,NA,NA,32,188,NA,NA,55,10,10,NA,NA,32,NA,NA,283,NA,77,24,10,NA,94,92,373,10,NA,NA,NA,NA,NA,NA,NA,NA,NA,NA,605,10,NA,386,NA,NA,NA,NA,256,NA,NA,NA,NA,NA,NA,21,NA,NA,58,21,14,NA,NA,NA,87,NA,NA,34,33,NA,NA,70,244,NA,10,37,379,207,195,46,10,NA,NA,NA,21,24,NA,NA,33,198,297,NA,96,NA,NA,832,NA,NA,NA,53,12,NA,NA,97,NA,23,NA,NA,NA,NA,NA,20,NA,NA,NA,335,174,NA,133,NA,NA,NA,10,NA,NA,NA,NA,NA,285,NA,NA,NA,NA,NA,NA,55,136,NA,NA,10,NA,NA,NA,NA,NA,20,24,44,175,NA,866,10,NA,NA,247,10,226,NA,391,NA,NA,132,NA,67,10,NA,339,NA,NA,297,NA,NA,174,NA,NA,NA,NA,NA,NA,NA,57,279,NA,NA,NA,NA,NA,33,NA,10,NA,71,NA,NA,NA,NA,NA,NA,NA,10,321,114,11,NA,NA,NA,125,14,83,11,437,NA,264,138,102,294,20,12,96,NA,161,NA,NA,NA,NA,NA,160,138,NA,679,NA,NA,NA,NA,NA,NA,NA,NA,NA,NA,448,NA,NA,20,591,NA,20,NA,NA,427,10,215,NA,179,21,12,NA,NA,NA,206,92,158,NA,NA,325,43,12,402,491,254,113,179,34,643,540,264,26,123,NA,341,NA,NA,NA,10,NA,NA,NA,NA,NA,NA,NA,NA,127,NA,NA,451,NA,NA,NA,37,NA,NA,10,273,144,NA,88,NA,13,118,229,NA,NA,NA,NA,NA,184,NA,NA,NA,NA,NA,NA,200,NA,302,NA,23,22,NA,11,NA,189,NA,NA,11,45,153,NA,NA,NA,305,604,274,264,144,57,201,NA,NA,NA,11,NA,44,NA,NA,10,184,153,NA,10,NA,127,12,22,10,51,96,364,NA,NA,27,55,NA,NA,NA,11,NA,401,NA,NA,222,284,10,42,NA,656,NA,59,35,NA,NA,236,NA,83,22,33,394,NA,NA,NA,132,583,NA,10,36,234,52,NA,NA,107,NA,NA,142,NA,70,NA,265,NA,184,NA,185,248,NA,54,NA,42,129,14,NA,NA,NA,NA,44,225,20,NA,77,NA,69,187,10,NA,NA,33,682,532,192,10,90,NA,NA,NA,255,181,55,NA,NA,NA,88,NA,NA,NA,14,NA,NA,NA,NA,81,22,NA,42,25,163,NA,NA,NA,NA,NA,NA,NA,104,56,11,141,23,NA,NA,NA,NA,NA,NA,270,184,10,11,NA,22,280,260,NA,603,NA,247,185,37,NA,NA,NA,NA,NA,215,51,NA,NA,10,10,37,NA,NA,680,21,NA,499,NA,520,65,61,301,NA,205,NA,15,20,609,22,175,NA,NA,318,47,248,89,139,10,218,NA,112,249,10,167,NA,10,63,14,579,NA,NA,NA,105,118,453,789,NA,10,10,109,25,294,678,NA,543,NA,90,32,94,NA,11,NA,NA,NA,32,NA,NA,NA,NA,NA,49,NA,NA,NA,NA,34,NA,NA,245,NA,NA,NA,NA,NA,NA,47,NA,21,NA,NA,187,NA,22,NA,NA,NA,NA,NA,10,NA,NA,NA,NA,NA,NA,NA,NA,135,NA,33,391,NA,24,91,420,NA,NA,24,NA,498,11,NA,NA,NA,491,32,15,96,NA,NA,30,118,NA,NA,180,NA,12,NA,10,NA,32,39,11,NA,NA,20,NA,222,NA,142,168,460,736,44,279,NA,NA,NA,NA,163,NA,NA,NA,280,NA,191,NA,NA,154,128,11,139,NA,12,NA,NA,NA,293,NA,NA,NA,163,10,NA,NA,286,NA,NA,NA,NA,249,279,195,NA,NA,10,252,NA,388,NA,11,10,514,532,NA,NA,376,55,304,182,NA,237,53,187,22,NA,10,337,340,NA,10,NA,68,10,NA,NA,150,NA,NA,NA,NA,NA,NA,NA,NA,NA,NA,NA,308,NA,NA,NA,31,10,112,239,NA,250,31,NA,231,NA,NA,195,NA,209,111,NA,NA,NA,62,58,NA,NA,NA,NA,10,NA,48,239,NA,NA,NA,NA,NA,NA,NA,195,43,NA,NA,NA,NA,113,NA,NA,NA,20,286,NA,NA,NA,10,364,NA,NA,NA,NA,NA,NA,NA,192,NA,NA,NA,456,128,180,NA,14,NA,NA,581,NA,NA,NA,354,589,NA,NA,NA,NA,NA,536,NA,41,NA,NA,162,36,NA,454,532,473,NA,NA,NA,NA,74,NA,11,NA,NA,803,NA,71,211,NA,92,155,NA,24,NA,NA,NA,NA,NA,NA,NA,412,NA,NA,NA,105,NA,95,211,NA,80,NA,141,350,227,673,NA,NA,NA,273,137,NA,NA,NA,NA,34,NA,NA,NA,182,NA,613,NA,NA,NA,117,NA,NA,151,484,NA,NA,NA,NA,14,NA,NA,563,243,NA,451,NA,307,90,670,NA,NA,58,602,10,323,NA,56,417,62,644,222,NA,NA,208,323,NA,NA,NA,11,NA,123,85,326,NA,157,126,NA,71,NA,213,255,22,21,11,10,227,11,NA,NA,NA,31,104,NA,NA,NA,NA,281,NA,NA,84,43,NA,151,NA,NA,285,NA,10,10,10,13,NA,NA,NA,128,NA,NA,NA,NA,NA,20,NA,NA,NA,32,NA,NA,11,NA,13,426,NA,NA
